Date,Open,High,Low,Close,Adj Close,Volume,Company,Year,Quarter
2021-01-04,40.5,40.650001525878906,39.18000030517578,39.56999969482422,34.43266677856445,8597600,COP,2021,2021Q1
2021-01-05,40.2400016784668,42.869998931884766,40.0,41.84000015258789,36.4079475402832,12393600,COP,2021,2021Q1
2021-01-06,42.529998779296875,43.95000076293945,41.91999816894531,43.5099983215332,37.86113739013672,11035300,COP,2021,2021Q1
2021-01-07,44.04999923706055,44.9900016784668,43.599998474121094,44.70000076293945,38.89665222167969,9648200,COP,2021,2021Q1
2021-01-08,45.0,45.47999954223633,44.189998626708984,44.70000076293945,38.89665222167969,9448700,COP,2021,2021Q1
2021-01-11,44.099998474121094,45.709999084472656,43.310001373291016,45.36000061035156,39.47095489501953,10839600,COP,2021,2021Q1
2021-01-12,46.02000045776367,47.66999816894531,45.720001220703125,47.41999816894531,41.26350784301758,13013700,COP,2021,2021Q1
2021-01-13,47.349998474121094,47.470001220703125,46.599998474121094,47.029998779296875,40.92414093017578,11839900,COP,2021,2021Q1
2021-01-14,47.41999816894531,48.290000915527344,46.77000045776367,47.869998931884766,41.655094146728516,12857900,COP,2021,2021Q1
2021-01-15,47.279998779296875,47.279998779296875,44.529998779296875,45.119998931884766,39.262115478515625,30004600,COP,2021,2021Q1
2021-01-19,45.150001525878906,46.150001525878906,44.86000061035156,46.0,40.02787780761719,14498800,COP,2021,2021Q1
2021-01-20,46.369998931884766,46.4900016784668,45.29999923706055,45.36000061035156,39.47095489501953,21178000,COP,2021,2021Q1
2021-01-21,45.40999984741211,45.70000076293945,42.70000076293945,43.189998626708984,37.582679748535156,16897000,COP,2021,2021Q1
2021-01-22,42.060001373291016,42.97999954223633,41.75,42.689998626708984,37.14760208129883,9535400,COP,2021,2021Q1
2021-01-25,42.130001068115234,42.630001068115234,41.2400016784668,42.58000183105469,37.0518798828125,10739700,COP,2021,2021Q1
2021-01-26,43.06999969482422,43.70000076293945,41.61000061035156,41.68000030517578,36.268733978271484,7616300,COP,2021,2021Q1
2021-01-27,40.97999954223633,42.09000015258789,40.209999084472656,40.650001525878906,35.37245559692383,8841600,COP,2021,2021Q1
2021-01-28,41.11000061035156,41.63999938964844,40.380001068115234,41.11000061035156,35.77272415161133,10283300,COP,2021,2021Q1
2021-01-29,40.61000061035156,41.459999084472656,39.97999954223633,40.029998779296875,34.83294677734375,11660400,COP,2021,2021Q1
2021-02-01,40.43000030517578,40.97999954223633,39.70000076293945,40.709999084472656,35.424659729003906,9229400,COP,2021,2021Q1
2021-02-02,41.54999923706055,42.29999923706055,40.900001525878906,40.970001220703125,35.650917053222656,8834000,COP,2021,2021Q1
2021-02-03,41.25,43.630001068115234,41.0099983215332,43.209999084472656,37.600101470947266,11133600,COP,2021,2021Q1
2021-02-04,43.61000061035156,44.02000045776367,42.59000015258789,44.0099983215332,38.296226501464844,11372300,COP,2021,2021Q1
2021-02-05,44.88999938964844,44.91999816894531,44.09000015258789,44.41999816894531,38.65300369262695,9543400,COP,2021,2021Q1
2021-02-08,45.25,47.22999954223633,45.099998474121094,46.779998779296875,40.70659255981445,12181600,COP,2021,2021Q1
2021-02-09,46.220001220703125,47.439998626708984,45.86000061035156,46.880001068115234,40.79362106323242,8990300,COP,2021,2021Q1
2021-02-10,47.189998626708984,48.0,46.40999984741211,47.25,41.1155891418457,10853200,COP,2021,2021Q1
2021-02-11,46.5,46.52000045776367,45.209999084472656,46.439998626708984,40.78187561035156,8939100,COP,2021,2021Q1
2021-02-12,46.11000061035156,47.220001220703125,45.95000076293945,47.15999984741211,41.41415786743164,8805400,COP,2021,2021Q1
2021-02-16,48.0,49.22999954223633,47.81999969482422,48.849998474121094,42.89824295043945,11066700,COP,2021,2021Q1
2021-02-17,49.189998626708984,49.47999954223633,48.2599983215332,49.36000061035156,43.34611511230469,9055700,COP,2021,2021Q1
2021-02-18,49.0,49.130001068115234,47.630001068115234,47.689998626708984,41.87957763671875,8382200,COP,2021,2021Q1
2021-02-19,47.650001525878906,48.56999969482422,47.5099983215332,48.41999816894531,42.5206413269043,8502500,COP,2021,2021Q1
2021-02-22,49.16999816894531,51.68000030517578,48.810001373291016,50.880001068115234,44.68092346191406,12331000,COP,2021,2021Q1
2021-02-23,52.0,52.5,49.65999984741211,52.099998474121094,45.75227737426758,10796500,COP,2021,2021Q1
2021-02-24,52.0,54.88999938964844,51.459999084472656,54.66999816894531,48.0091552734375,12286600,COP,2021,2021Q1
2021-02-25,54.970001220703125,55.5099983215332,52.02000045776367,53.029998779296875,46.568965911865234,12864500,COP,2021,2021Q1
2021-02-26,52.599998474121094,52.86000061035156,50.86000061035156,52.0099983215332,45.673248291015625,13234100,COP,2021,2021Q1
2021-03-01,53.470001220703125,53.959999084472656,52.16999816894531,52.61000061035156,46.20014572143555,7182500,COP,2021,2021Q1
2021-03-02,52.5099983215332,53.290000915527344,52.2400016784668,52.279998779296875,45.91035461425781,7741100,COP,2021,2021Q1
2021-03-03,52.65999984741211,54.7599983215332,52.54999923706055,53.65999984741211,47.122222900390625,8007500,COP,2021,2021Q1
2021-03-04,53.959999084472656,56.9900016784668,53.68000030517578,55.619998931884766,48.84341812133789,15181000,COP,2021,2021Q1
2021-03-05,58.0,59.4900016784668,57.11000061035156,58.34000015258789,51.23202133178711,18699600,COP,2021,2021Q1
2021-03-08,58.77000045776367,59.939998626708984,57.689998626708984,58.779998779296875,51.618412017822266,11283400,COP,2021,2021Q1
2021-03-09,58.630001068115234,59.599998474121094,57.45000076293945,57.900001525878906,50.84562683105469,10193200,COP,2021,2021Q1
2021-03-10,57.86000061035156,59.77000045776367,57.380001068115234,59.41999816894531,52.18042755126953,12002400,COP,2021,2021Q1
2021-03-11,59.5099983215332,61.13999938964844,59.400001525878906,59.83000183105469,52.54048538208008,9328100,COP,2021,2021Q1
2021-03-12,60.2400016784668,60.470001220703125,58.97999954223633,59.189998626708984,51.978458404541016,6758400,COP,2021,2021Q1
2021-03-15,57.88999938964844,58.56999969482422,56.970001220703125,58.15999984741211,51.07395553588867,9825200,COP,2021,2021Q1
2021-03-16,57.08000183105469,57.400001525878906,55.970001220703125,56.58000183105469,49.68645477294922,9399900,COP,2021,2021Q1
2021-03-17,56.31999969482422,57.130001068115234,55.52000045776367,56.83000183105469,49.90599060058594,9461700,COP,2021,2021Q1
2021-03-18,56.40999984741211,56.58000183105469,53.11000061035156,53.380001068115234,46.87633514404297,12297200,COP,2021,2021Q1
2021-03-19,53.290000915527344,54.119998931884766,52.349998474121094,52.599998474121094,46.19136047363281,26925500,COP,2021,2021Q1
2021-03-22,52.86000061035156,53.0099983215332,52.040000915527344,52.2400016784668,45.87522506713867,11003000,COP,2021,2021Q1
2021-03-23,51.119998931884766,52.779998779296875,50.529998779296875,51.709999084472656,45.409793853759766,11853800,COP,2021,2021Q1
2021-03-24,52.7599983215332,53.95000076293945,52.68000030517578,53.209999084472656,46.72703552246094,9671100,COP,2021,2021Q1
2021-03-25,52.060001373291016,53.79999923706055,51.56999969482422,53.56999969482422,47.043182373046875,9275200,COP,2021,2021Q1
2021-03-26,54.65999984741211,55.119998931884766,54.029998779296875,55.040000915527344,48.33407974243164,8723100,COP,2021,2021Q1
2021-03-29,54.5,54.52000045776367,53.119998931884766,53.84000015258789,47.2802848815918,7901000,COP,2021,2021Q1
2021-03-30,53.20000076293945,54.15999984741211,53.040000915527344,53.43000030517578,46.92023849487305,7910200,COP,2021,2021Q1
2021-03-31,53.310001373291016,53.689998626708984,52.650001525878906,52.970001220703125,46.516292572021484,9293100,COP,2021,2021Q1
2021-04-01,53.119998931884766,54.040000915527344,52.529998779296875,54.02000045776367,47.43836212158203,10165000,COP,2021,2021Q2
2021-04-05,53.90999984741211,53.90999984741211,51.95000076293945,52.209999084472656,45.84888458251953,10460000,COP,2021,2021Q2
2021-04-06,52.619998931884766,53.65999984741211,52.40999984741211,52.58000183105469,46.17380142211914,6253600,COP,2021,2021Q2
2021-04-07,52.790000915527344,53.15999984741211,52.13999938964844,52.380001068115234,45.998172760009766,12408400,COP,2021,2021Q2
2021-04-08,51.619998931884766,51.81999969482422,51.040000915527344,51.2400016784668,44.997066497802734,10040800,COP,2021,2021Q2
2021-04-09,51.369998931884766,51.9900016784668,50.91999816894531,51.22999954223633,44.98828125,6665300,COP,2021,2021Q2
2021-04-12,51.75,52.2400016784668,50.81999969482422,50.86000061035156,44.66336441040039,8564000,COP,2021,2021Q2
2021-04-13,50.47999954223633,51.33000183105469,50.38999938964844,50.790000915527344,44.60189437866211,6980000,COP,2021,2021Q2
2021-04-14,51.380001068115234,53.560001373291016,51.380001068115234,52.689998626708984,46.27040100097656,8342200,COP,2021,2021Q2
2021-04-15,52.70000076293945,52.810001373291016,51.77000045776367,51.900001525878906,45.57665252685547,6763700,COP,2021,2021Q2
2021-04-16,52.2400016784668,52.29999923706055,51.040000915527344,51.09000015258789,44.86534118652344,7665500,COP,2021,2021Q2
2021-04-19,51.290000915527344,51.72999954223633,50.58000183105469,50.88999938964844,44.68970489501953,6587700,COP,2021,2021Q2
2021-04-20,50.5,50.63999938964844,48.41999816894531,48.650001525878906,42.722618103027344,11928600,COP,2021,2021Q2
2021-04-21,48.029998779296875,50.130001068115234,47.849998474121094,50.040000915527344,43.94327163696289,7718900,COP,2021,2021Q2
2021-04-22,50.040000915527344,50.08000183105469,49.189998626708984,49.459999084472656,43.43392562866211,6582700,COP,2021,2021Q2
2021-04-23,49.43000030517578,50.0,49.15999984741211,49.720001220703125,43.66225051879883,5670100,COP,2021,2021Q2
2021-04-26,49.63999938964844,50.91999816894531,49.599998474121094,50.25,44.127685546875,6642400,COP,2021,2021Q2
2021-04-27,50.439998626708984,51.689998626708984,50.2599983215332,51.29999923706055,45.049747467041016,8309600,COP,2021,2021Q2
2021-04-28,51.70000076293945,53.349998474121094,51.66999816894531,53.040000915527344,46.577762603759766,8897100,COP,2021,2021Q2
2021-04-29,54.0,54.5,52.849998474121094,53.130001068115234,46.65678787231445,9446900,COP,2021,2021Q2
2021-04-30,52.18000030517578,53.0099983215332,50.970001220703125,51.13999938964844,44.90924835205078,9448200,COP,2021,2021Q2
2021-05-03,51.91999816894531,52.93000030517578,51.560001373291016,52.7400016784668,46.31430435180664,9325100,COP,2021,2021Q2
2021-05-04,51.72999954223633,53.029998779296875,51.63999938964844,52.56999969482422,46.165016174316406,12834300,COP,2021,2021Q2
2021-05-05,54.349998474121094,55.66999816894531,53.220001220703125,55.439998626708984,48.68535614013672,12715300,COP,2021,2021Q2
2021-05-06,55.5,55.720001220703125,53.689998626708984,55.70000076293945,48.913673400878906,9648200,COP,2021,2021Q2
2021-05-07,55.06999969482422,57.34000015258789,54.81999969482422,57.099998474121094,50.143104553222656,9645500,COP,2021,2021Q2
2021-05-10,58.209999084472656,59.34000015258789,56.959999084472656,57.0,50.05527877807617,8801700,COP,2021,2021Q2
2021-05-11,55.790000915527344,56.720001220703125,55.150001525878906,55.720001220703125,48.931243896484375,9741400,COP,2021,2021Q2
2021-05-12,56.11000061035156,57.709999084472656,55.459999084472656,55.689998626708984,48.9048957824707,7925100,COP,2021,2021Q2
2021-05-13,54.61000061035156,55.43000030517578,53.56999969482422,54.2400016784668,48.00218963623047,7581500,COP,2021,2021Q2
2021-05-14,55.040000915527344,56.650001525878906,55.029998779296875,56.52000045776367,50.01997756958008,6419900,COP,2021,2021Q2
2021-05-17,56.06999969482422,58.33000183105469,56.06999969482422,58.29999923706055,51.595272064208984,11441900,COP,2021,2021Q2
2021-05-18,58.27000045776367,58.63999938964844,56.959999084472656,57.290000915527344,50.7014274597168,10322000,COP,2021,2021Q2
2021-05-19,55.939998626708984,56.529998779296875,54.81999969482422,55.58000183105469,49.188087463378906,9406200,COP,2021,2021Q2
2021-05-20,55.650001525878906,55.65999984741211,54.630001068115234,55.38999938964844,49.019935607910156,8798800,COP,2021,2021Q2
2021-05-21,56.060001373291016,56.43000030517578,55.56999969482422,55.650001525878906,49.250030517578125,6032300,COP,2021,2021Q2
2021-05-24,56.119998931884766,56.2599983215332,55.2599983215332,56.099998474121094,49.64828109741211,6372800,COP,2021,2021Q2
2021-05-25,56.0,56.380001068115234,54.77000045776367,54.880001068115234,48.56859588623047,8090600,COP,2021,2021Q2
2021-05-26,55.06999969482422,55.560001373291016,54.66999816894531,55.41999816894531,49.046478271484375,6716000,COP,2021,2021Q2
2021-05-27,55.72999954223633,56.31999969482422,55.119998931884766,55.529998779296875,49.143836975097656,7484100,COP,2021,2021Q2
2021-05-28,55.79999923706055,55.95000076293945,55.31999969482422,55.7400016784668,49.32969284057617,5745400,COP,2021,2021Q2
2021-06-01,57.08000183105469,58.47999954223633,57.04999923706055,58.27000045776367,51.568721771240234,9943600,COP,2021,2021Q2
2021-06-02,58.65999984741211,59.40999984741211,57.7400016784668,58.9900016784668,52.20591735839844,6103300,COP,2021,2021Q2
2021-06-03,58.720001220703125,60.0,58.560001373291016,59.470001220703125,52.6307258605957,8280800,COP,2021,2021Q2
2021-06-04,59.81999969482422,60.130001068115234,58.900001525878906,59.849998474121094,52.96701431274414,6504800,COP,2021,2021Q2
2021-06-07,59.810001373291016,60.529998779296875,59.59000015258789,59.810001373291016,52.931617736816406,5405100,COP,2021,2021Q2
2021-06-08,59.43000030517578,60.619998931884766,58.630001068115234,60.470001220703125,53.51572036743164,7345200,COP,2021,2021Q2
2021-06-09,60.630001068115234,60.880001068115234,59.58000183105469,59.68000030517578,52.816566467285156,7026300,COP,2021,2021Q2
2021-06-10,61.0099983215332,61.279998779296875,59.279998779296875,60.16999816894531,53.250213623046875,9396000,COP,2021,2021Q2
2021-06-11,60.5,60.93000030517578,59.79999923706055,59.970001220703125,53.07321548461914,8117000,COP,2021,2021Q2
2021-06-14,60.650001525878906,61.06999969482422,59.849998474121094,60.310001373291016,53.374114990234375,7744300,COP,2021,2021Q2
2021-06-15,60.70000076293945,61.560001373291016,60.470001220703125,61.16999816894531,54.135215759277344,7835700,COP,2021,2021Q2
2021-06-16,61.09000015258789,61.779998779296875,60.560001373291016,61.130001068115234,54.09981155395508,9745800,COP,2021,2021Q2
2021-06-17,60.900001525878906,61.56999969482422,58.54999923706055,59.0099983215332,52.22362518310547,13667200,COP,2021,2021Q2
2021-06-18,57.880001068115234,59.209999084472656,57.47999954223633,57.529998779296875,50.91383361816406,18583800,COP,2021,2021Q2
2021-06-21,58.22999954223633,60.529998779296875,58.209999084472656,60.45000076293945,53.498008728027344,8234300,COP,2021,2021Q2
2021-06-22,60.150001525878906,61.119998931884766,59.63999938964844,60.790000915527344,53.798912048339844,6745100,COP,2021,2021Q2
2021-06-23,61.099998474121094,62.349998474121094,60.75,60.7599983215332,53.772369384765625,8184000,COP,2021,2021Q2
2021-06-24,60.970001220703125,61.5099983215332,60.31999969482422,61.38999938964844,54.329917907714844,6424400,COP,2021,2021Q2
2021-06-25,61.70000076293945,61.75,61.02000045776367,61.310001373291016,54.25910949707031,8099200,COP,2021,2021Q2
2021-06-28,61.119998931884766,61.16999816894531,59.369998931884766,59.59000015258789,52.73692321777344,7647300,COP,2021,2021Q2
2021-06-29,60.099998474121094,60.20000076293945,58.84000015258789,59.04999923706055,52.25901794433594,6437000,COP,2021,2021Q2
2021-06-30,60.47999954223633,60.95000076293945,59.810001373291016,60.900001525878906,53.89625930786133,9309600,COP,2021,2021Q2
2021-07-01,62.689998626708984,63.56999969482422,62.349998474121094,62.880001068115234,55.6485595703125,11637200,COP,2021,2021Q3
2021-07-02,62.459999084472656,63.16999816894531,61.59000015258789,62.75,55.53350830078125,7635000,COP,2021,2021Q3
2021-07-06,62.779998779296875,62.88999938964844,60.209999084472656,60.279998779296875,53.347572326660156,11699400,COP,2021,2021Q3
2021-07-07,60.0,60.779998779296875,58.630001068115234,59.0099983215332,52.22362518310547,8239600,COP,2021,2021Q3
2021-07-08,58.25,59.63999938964844,57.9900016784668,59.209999084472656,52.4006233215332,10551500,COP,2021,2021Q3
2021-07-09,59.75,60.459999084472656,59.34000015258789,60.130001068115234,53.21481704711914,6973700,COP,2021,2021Q3
2021-07-12,58.90999984741211,60.439998626708984,58.72999954223633,59.79999923706055,52.922760009765625,6063100,COP,2021,2021Q3
2021-07-13,59.4900016784668,59.9900016784668,58.79999923706055,59.459999084472656,52.62187194824219,6510400,COP,2021,2021Q3
2021-07-14,59.88999938964844,60.61000061035156,57.34000015258789,57.66999816894531,51.03772735595703,8489600,COP,2021,2021Q3
2021-07-15,57.0,58.220001220703125,56.790000915527344,57.08000183105469,50.51557922363281,8723300,COP,2021,2021Q3
2021-07-16,57.70000076293945,57.900001525878906,55.310001373291016,55.5,49.117286682128906,8805300,COP,2021,2021Q3
2021-07-19,53.43000030517578,54.29999923706055,52.81999969482422,53.70000076293945,47.52429962158203,13342100,COP,2021,2021Q3
2021-07-20,53.5,55.25,53.279998779296875,54.470001220703125,48.20574188232422,9358200,COP,2021,2021Q3
2021-07-21,55.72999954223633,57.41999816894531,55.61000061035156,57.02000045776367,50.462486267089844,9378000,COP,2021,2021Q3
2021-07-22,57.02000045776367,57.209999084472656,56.18000030517578,56.66999816894531,50.152732849121094,6765500,COP,2021,2021Q3
2021-07-23,56.0,56.279998779296875,54.7400016784668,55.34000015258789,49.350135803222656,10623800,COP,2021,2021Q3
2021-07-26,55.709999084472656,57.349998474121094,55.56999969482422,56.869998931884766,50.714542388916016,8756300,COP,2021,2021Q3
2021-07-27,56.15999984741211,56.619998931884766,55.34000015258789,56.33000183105469,50.23298645019531,7363600,COP,2021,2021Q3
2021-07-28,56.47999954223633,57.150001525878906,55.810001373291016,56.720001220703125,50.58077621459961,6167200,COP,2021,2021Q3
2021-07-29,57.41999816894531,57.84000015258789,56.86000061035156,57.08000183105469,50.90180969238281,6306400,COP,2021,2021Q3
2021-07-30,56.7599983215332,56.900001525878906,55.720001220703125,56.060001373291016,49.99221420288086,8660100,COP,2021,2021Q3
2021-08-02,56.529998779296875,57.7599983215332,55.33000183105469,55.380001068115234,49.38581466674805,8469500,COP,2021,2021Q3
2021-08-03,55.09000015258789,56.77000045776367,54.5099983215332,56.63999938964844,50.50943374633789,9888200,COP,2021,2021Q3
2021-08-04,55.33000183105469,56.5,54.90999984741211,54.93000030517578,48.98452377319336,7629600,COP,2021,2021Q3
2021-08-05,55.459999084472656,56.619998931884766,55.04999923706055,55.95000076293945,49.89411926269531,6573100,COP,2021,2021Q3
2021-08-06,56.59000015258789,57.16999816894531,56.099998474121094,56.5,50.38459396362305,5038900,COP,2021,2021Q3
2021-08-09,55.66999816894531,56.16999816894531,55.22999954223633,55.45000076293945,49.44824981689453,5410600,COP,2021,2021Q3
2021-08-10,55.849998474121094,56.779998779296875,55.7599983215332,56.47999954223633,50.36675262451172,6781800,COP,2021,2021Q3
2021-08-11,56.380001068115234,57.36000061035156,55.95000076293945,57.189998626708984,50.999908447265625,6071800,COP,2021,2021Q3
2021-08-12,57.13999938964844,57.58000183105469,56.529998779296875,57.040000915527344,50.86614227294922,4729200,COP,2021,2021Q3
2021-08-13,56.95000076293945,57.22999954223633,55.849998474121094,55.970001220703125,49.911956787109375,7399800,COP,2021,2021Q3
2021-08-16,55.220001220703125,55.58000183105469,54.599998474121094,54.810001373291016,48.87751007080078,7464600,COP,2021,2021Q3
2021-08-17,54.40999984741211,55.439998626708984,54.25,54.52000045776367,48.618896484375,6497900,COP,2021,2021Q3
2021-08-18,54.380001068115234,55.060001373291016,53.459999084472656,53.529998779296875,47.73605728149414,6647700,COP,2021,2021Q3
2021-08-19,52.66999816894531,52.97999954223633,51.40999984741211,52.439998626708984,46.76403045654297,11306400,COP,2021,2021Q3
2021-08-20,51.869998931884766,52.9900016784668,51.59000015258789,52.77000045776367,47.05831527709961,7068200,COP,2021,2021Q3
2021-08-23,54.150001525878906,55.130001068115234,54.02000045776367,54.790000915527344,48.85966873168945,8022200,COP,2021,2021Q3
2021-08-24,55.18000030517578,55.689998626708984,54.63999938964844,55.40999984741211,49.41257858276367,6245500,COP,2021,2021Q3
2021-08-25,55.45000076293945,56.38999938964844,55.04999923706055,56.02000045776367,49.95655059814453,6125200,COP,2021,2021Q3
2021-08-26,55.75,56.09000015258789,54.959999084472656,55.130001068115234,49.16287612915039,5209000,COP,2021,2021Q3
2021-08-27,55.790000915527344,57.119998931884766,55.52000045776367,56.7400016784668,50.59860610961914,6549100,COP,2021,2021Q3
2021-08-30,56.97999954223633,57.13999938964844,56.18000030517578,56.20000076293945,50.11705780029297,4838600,COP,2021,2021Q3
2021-08-31,55.75,56.33000183105469,55.29999923706055,55.529998779296875,49.51958084106445,10500500,COP,2021,2021Q3
2021-09-01,55.560001373291016,55.91999816894531,54.41999816894531,54.650001525878906,48.73483657836914,9319800,COP,2021,2021Q3
2021-09-02,55.2599983215332,56.97999954223633,55.209999084472656,56.599998474121094,50.47376251220703,6696600,COP,2021,2021Q3
2021-09-03,56.34000015258789,56.95000076293945,55.939998626708984,56.2400016784668,50.152732849121094,7954200,COP,2021,2021Q3
2021-09-07,55.88999938964844,56.47999954223633,55.31999969482422,55.97999954223633,49.92088317871094,6632600,COP,2021,2021Q3
2021-09-08,56.31999969482422,56.61000061035156,55.189998626708984,55.279998779296875,49.296634674072266,5228900,COP,2021,2021Q3
2021-09-09,55.150001525878906,56.540000915527344,54.83000183105469,55.58000183105469,49.564170837402344,6285800,COP,2021,2021Q3
2021-09-10,56.61000061035156,56.7400016784668,55.459999084472656,55.72999954223633,49.69792938232422,5055200,COP,2021,2021Q3
2021-09-13,56.56999969482422,58.08000183105469,56.56999969482422,57.59000015258789,51.35662078857422,8456500,COP,2021,2021Q3
2021-09-14,58.220001220703125,58.290000915527344,56.61000061035156,56.939998626708984,50.77696228027344,7880700,COP,2021,2021Q3
2021-09-15,58.09000015258789,59.459999084472656,58.060001373291016,59.31999969482422,52.899349212646484,10766000,COP,2021,2021Q3
2021-09-16,59.279998779296875,59.65999984741211,58.7599983215332,59.22999954223633,52.819091796875,8773100,COP,2021,2021Q3
2021-09-17,59.06999969482422,59.90999984741211,58.779998779296875,58.91999816894531,52.54265213012695,13741300,COP,2021,2021Q3
2021-09-20,57.4900016784668,58.0099983215332,56.29999923706055,57.06999969482422,50.89289855957031,10001800,COP,2021,2021Q3
2021-09-21,58.470001220703125,59.83000183105469,57.720001220703125,59.33000183105469,52.90828323364258,13923100,COP,2021,2021Q3
2021-09-22,60.209999084472656,62.88999938964844,60.209999084472656,62.2599983215332,55.52114486694336,15753000,COP,2021,2021Q3
2021-09-23,62.25,64.12000274658203,62.25,63.709999084472656,56.81419372558594,11886800,COP,2021,2021Q3
2021-09-24,63.790000915527344,65.69000244140625,63.540000915527344,65.0199966430664,57.98240661621094,11128300,COP,2021,2021Q3
2021-09-27,66.69999694824219,66.94999694824219,65.80000305175781,66.70999908447266,59.48948287963867,13508700,COP,2021,2021Q3
2021-09-28,67.55000305175781,68.63999938964844,67.16999816894531,67.80000305175781,60.46152114868164,14995200,COP,2021,2021Q3
2021-09-29,67.62999725341797,68.4800033569336,66.61000061035156,68.04000091552734,60.675537109375,10563700,COP,2021,2021Q3
2021-09-30,68.22000122070312,68.88999938964844,67.72000122070312,67.7699966430664,60.434757232666016,15845900,COP,2021,2021Q3
2021-10-01,68.37999725341797,70.33000183105469,68.30999755859375,70.0999984741211,62.512550354003906,13482300,COP,2021,2021Q4
2021-10-04,70.8499984741211,72.61000061035156,70.62999725341797,71.48999786376953,63.75210189819336,12423500,COP,2021,2021Q4
2021-10-05,72.0999984741211,72.86000061035156,70.70999908447266,71.7300033569336,63.96614456176758,11270100,COP,2021,2021Q4
2021-10-06,70.4000015258789,72.11000061035156,69.79000091552734,71.80999755859375,64.03746795654297,10613500,COP,2021,2021Q4
2021-10-07,72.01000213623047,72.12999725341797,70.61000061035156,71.51000213623047,63.76995086669922,11521300,COP,2021,2021Q4
2021-10-08,72.19000244140625,75.0999984741211,72.19000244140625,74.91999816894531,66.81085205078125,12310500,COP,2021,2021Q4
2021-10-11,75.12999725341797,75.5199966430664,73.75,73.97000122070312,65.96368408203125,9585200,COP,2021,2021Q4
2021-10-12,74.13999938964844,74.61000061035156,73.0199966430664,73.41000366210938,65.46429443359375,7635600,COP,2021,2021Q4
2021-10-13,72.44999694824219,73.76000213623047,71.45999908447266,73.2300033569336,65.30377960205078,8517500,COP,2021,2021Q4
2021-10-14,74.29000091552734,74.61000061035156,72.83999633789062,73.8499984741211,65.8566665649414,8152600,COP,2021,2021Q4
2021-10-15,74.62999725341797,74.93000030517578,74.12999725341797,74.13999938964844,66.11527252197266,6945100,COP,2021,2021Q4
2021-10-18,74.7699966430664,75.75,74.12999725341797,74.5,66.43630981445312,9917700,COP,2021,2021Q4
2021-10-19,74.83999633789062,75.8499984741211,74.37999725341797,75.31999969482422,67.16754913330078,6589400,COP,2021,2021Q4
2021-10-20,74.72000122070312,76.0999984741211,74.54000091552734,76.0199966430664,67.79178619384766,5506000,COP,2021,2021Q4
2021-10-21,75.6500015258789,75.6500015258789,74.11000061035156,74.58999633789062,66.51656341552734,5836300,COP,2021,2021Q4
2021-10-22,75.12000274658203,76.08000183105469,74.98999786376953,75.72000122070312,67.52426147460938,7170200,COP,2021,2021Q4
2021-10-25,76.55999755859375,77.9800033569336,76.19999694824219,76.5199966430664,68.23767852783203,7471200,COP,2021,2021Q4
2021-10-26,76.69000244140625,77.62999725341797,76.47000122070312,77.02999877929688,68.69246673583984,5898200,COP,2021,2021Q4
2021-10-27,75.55999755859375,76.66000366210938,74.25,74.43000030517578,66.77264404296875,9025600,COP,2021,2021Q4
2021-10-28,74.37000274658203,75.33999633789062,74.12000274658203,75.1500015258789,67.4185562133789,5195900,COP,2021,2021Q4
2021-10-29,74.43000030517578,75.30000305175781,73.97000122070312,74.48999786376953,66.82646942138672,8079300,COP,2021,2021Q4
2021-11-01,74.94999694824219,75.41000366210938,74.41999816894531,74.58999633789062,66.91618347167969,11944600,COP,2021,2021Q4
2021-11-02,74.54000091552734,75.25,72.80999755859375,73.02999877929688,65.51667022705078,10891900,COP,2021,2021Q4
2021-11-03,72.6500015258789,73.69000244140625,72.25,72.73999786376953,65.25650024414062,9311800,COP,2021,2021Q4
2021-11-04,74.0,74.77999877929688,72.87000274658203,73.30999755859375,65.76786041259766,8573500,COP,2021,2021Q4
2021-11-05,74.55999755859375,75.80999755859375,73.91999816894531,75.44999694824219,67.68770599365234,6987600,COP,2021,2021Q4
2021-11-08,75.66999816894531,77.1500015258789,75.45999908447266,75.93000030517578,68.11831665039062,6957700,COP,2021,2021Q4
2021-11-09,75.80999755859375,75.98999786376953,74.72000122070312,75.75,67.95684814453125,6049800,COP,2021,2021Q4
2021-11-10,74.5,74.97000122070312,72.93000030517578,73.0,65.48975372314453,7484700,COP,2021,2021Q4
2021-11-11,73.30000305175781,73.66000366210938,71.98999786376953,72.13999938964844,64.7182388305664,7784500,COP,2021,2021Q4
2021-11-12,71.58999633789062,72.54000091552734,71.5,72.36000061035156,64.91559600830078,5329600,COP,2021,2021Q4
2021-11-15,72.2300033569336,73.38999938964844,71.73999786376953,72.72000122070312,65.23857879638672,6181400,COP,2021,2021Q4
2021-11-16,73.0,73.80999755859375,72.56999969482422,72.63999938964844,65.16679382324219,7451100,COP,2021,2021Q4
2021-11-17,72.12000274658203,73.93000030517578,71.7300033569336,71.97000122070312,64.56571960449219,7628600,COP,2021,2021Q4
2021-11-18,72.12000274658203,73.20999908447266,71.61000061035156,72.72000122070312,65.23857879638672,6548800,COP,2021,2021Q4
2021-11-19,70.91999816894531,71.30000305175781,69.41000366210938,69.61000061035156,62.44851303100586,8817100,COP,2021,2021Q4
2021-11-22,69.63999938964844,72.83000183105469,69.61000061035156,71.88999938964844,64.49393463134766,7445600,COP,2021,2021Q4
2021-11-23,72.91000366210938,74.72000122070312,72.83999633789062,73.77999877929688,66.18951416015625,9107200,COP,2021,2021Q4
2021-11-24,73.2300033569336,75.48999786376953,73.19999694824219,74.83000183105469,67.1314926147461,7215800,COP,2021,2021Q4
2021-11-26,70.52999877929688,71.62000274658203,69.33999633789062,71.4800033569336,64.12613677978516,10258700,COP,2021,2021Q4
2021-11-29,73.4800033569336,74.69999694824219,71.94999694824219,72.1500015258789,64.72721099853516,9191600,COP,2021,2021Q4
2021-11-30,70.69000244140625,72.23999786376953,70.01000213623047,70.12999725341797,62.91501998901367,15723700,COP,2021,2021Q4
2021-12-01,72.01000213623047,72.18000030517578,69.1500015258789,69.19999694824219,62.080692291259766,10070500,COP,2021,2021Q4
2021-12-02,69.19000244140625,71.6500015258789,68.23999786376953,71.26000213623047,63.92877197265625,8410900,COP,2021,2021Q4
2021-12-03,72.16999816894531,72.94000244140625,70.18000030517578,71.11000061035156,63.79420471191406,6995700,COP,2021,2021Q4
2021-12-06,72.5,73.51000213623047,71.62999725341797,72.80999755859375,65.31929779052734,6200100,COP,2021,2021Q4
2021-12-07,74.16000366210938,75.95999908447266,74.0999984741211,74.56999969482422,66.89823913574219,8136600,COP,2021,2021Q4
2021-12-08,74.62000274658203,75.37000274658203,73.58999633789062,74.11000061035156,66.48555755615234,6313200,COP,2021,2021Q4
2021-12-09,73.95999908447266,73.95999908447266,72.45999908447266,72.55000305175781,65.0860595703125,6511600,COP,2021,2021Q4
2021-12-10,73.38999938964844,73.6500015258789,71.58999633789062,73.48999786376953,65.9293441772461,6065000,COP,2021,2021Q4
2021-12-13,72.87000274658203,73.12999725341797,70.5199966430664,71.0199966430664,63.71345520019531,5719100,COP,2021,2021Q4
2021-12-14,70.55999755859375,71.73999786376953,70.02999877929688,70.68000030517578,63.408447265625,6669300,COP,2021,2021Q4
2021-12-15,70.61000061035156,71.22000122070312,68.66999816894531,70.70999908447266,63.43534851074219,6805600,COP,2021,2021Q4
2021-12-16,71.7300033569336,73.05999755859375,71.31999969482422,71.69999694824219,64.32349395751953,7068200,COP,2021,2021Q4
2021-12-17,70.9000015258789,71.0999984741211,68.5,68.61000061035156,61.551395416259766,22913100,COP,2021,2021Q4
2021-12-20,67.05000305175781,68.63999938964844,66.05999755859375,68.5999984741211,61.54243087768555,11485000,COP,2021,2021Q4
2021-12-21,69.43000030517578,70.83999633789062,69.30000305175781,70.68000030517578,63.408447265625,6324800,COP,2021,2021Q4
2021-12-22,70.5,71.62000274658203,69.86000061035156,71.08000183105469,63.767295837402344,3775100,COP,2021,2021Q4
2021-12-23,71.29000091552734,72.13999938964844,71.04000091552734,71.19000244140625,63.865966796875,3902700,COP,2021,2021Q4
2021-12-27,71.19000244140625,73.25,70.45999908447266,73.20999908447266,65.67816162109375,3967800,COP,2021,2021Q4
2021-12-28,73.41000366210938,73.91999816894531,72.88999938964844,73.12000274658203,65.59740447998047,3383700,COP,2021,2021Q4
2021-12-29,73.26000213623047,73.77999877929688,72.44000244140625,72.91999816894531,65.4179916381836,3947300,COP,2021,2021Q4
2021-12-30,73.08000183105469,73.69999694824219,72.19999694824219,72.27999877929688,64.84381866455078,3340200,COP,2021,2021Q4
2021-12-31,71.80999755859375,72.66999816894531,71.68000030517578,72.18000030517578,64.93378448486328,3453900,COP,2021,2021Q4
2021-01-04,85.1500015258789,85.94999694824219,83.88999938964844,84.70999908447266,72.39885711669922,9234900,CVX,2021,2021Q1
2021-01-05,85.48999786376953,89.22000122070312,85.31999969482422,87.0,74.35604858398438,13414800,CVX,2021,2021Q1
2021-01-06,89.0,90.77999877929688,87.81999969482422,89.80000305175781,76.7491226196289,13916800,CVX,2021,2021Q1
2021-01-07,90.38999938964844,90.81999969482422,89.30999755859375,90.22000122070312,77.10807037353516,9286600,CVX,2021,2021Q1
2021-01-08,92.08000183105469,92.43000030517578,90.44999694824219,91.08000183105469,77.84309387207031,11152100,CVX,2021,2021Q1
2021-01-11,89.12000274658203,92.0999984741211,88.56999969482422,91.5999984741211,78.28751373291016,10635000,CVX,2021,2021Q1
2021-01-12,92.66000366210938,93.91999816894531,91.70999908447266,93.33999633789062,79.7746353149414,10923900,CVX,2021,2021Q1
2021-01-13,93.19999694824219,93.5199966430664,91.94000244140625,93.25,79.69771575927734,9723300,CVX,2021,2021Q1
2021-01-14,93.94000244140625,96.31999969482422,93.79000091552734,95.48999786376953,81.61216735839844,13950200,CVX,2021,2021Q1
2021-01-15,94.22000122070312,94.30999755859375,91.70999908447266,92.08999633789062,78.706298828125,10244600,CVX,2021,2021Q1
2021-01-19,93.5,95.02999877929688,93.29000091552734,94.51000213623047,80.77458953857422,9574800,CVX,2021,2021Q1
2021-01-20,95.0,95.55999755859375,94.30000305175781,95.37999725341797,81.51815032958984,8735400,CVX,2021,2021Q1
2021-01-21,93.86000061035156,94.66000366210938,91.22000122070312,92.01000213623047,78.63792419433594,10393100,CVX,2021,2021Q1
2021-01-22,90.4000015258789,92.02999877929688,89.83000183105469,91.7300033569336,78.39862060546875,7810600,CVX,2021,2021Q1
2021-01-25,90.62000274658203,91.02999877929688,89.33000183105469,90.9000015258789,77.68925476074219,7689400,CVX,2021,2021Q1
2021-01-26,92.19999694824219,92.91000366210938,89.2699966430664,89.36000061035156,76.37305450439453,7827800,CVX,2021,2021Q1
2021-01-27,87.52999877929688,90.3499984741211,86.75,88.19999694824219,75.38163757324219,10178500,CVX,2021,2021Q1
2021-01-28,88.66999816894531,90.1500015258789,88.25,89.0199966430664,76.08247375488281,8155500,CVX,2021,2021Q1
2021-01-29,86.83000183105469,87.33999633789062,84.91999816894531,85.19999694824219,72.81763458251953,14699800,CVX,2021,2021Q1
2021-02-01,85.98999786376953,87.30000305175781,84.56999969482422,86.41000366210938,73.85177612304688,8073600,CVX,2021,2021Q1
2021-02-02,88.01000213623047,88.37000274658203,86.52999877929688,87.05999755859375,74.40731811523438,9233100,CVX,2021,2021Q1
2021-02-03,87.05000305175781,89.38999938964844,86.88999938964844,88.95999908447266,76.03119659423828,9256500,CVX,2021,2021Q1
2021-02-04,89.51000213623047,89.6500015258789,87.94999694824219,89.0,76.06537628173828,7917600,CVX,2021,2021Q1
2021-02-05,89.94000244140625,90.47000122070312,88.63999938964844,89.26000213623047,76.28759765625,8017300,CVX,2021,2021Q1
2021-02-08,90.29000091552734,92.04000091552734,90.01000213623047,91.4800033569336,78.18496704101562,9886600,CVX,2021,2021Q1
2021-02-09,91.0999984741211,91.2699966430664,89.80999755859375,90.95999908447266,77.74053192138672,7605500,CVX,2021,2021Q1
2021-02-10,91.37999725341797,92.58999633789062,90.5999984741211,92.5199966430664,79.07380676269531,8778800,CVX,2021,2021Q1
2021-02-11,92.37000274658203,92.44000244140625,90.08000183105469,92.0199966430664,78.64647674560547,8572400,CVX,2021,2021Q1
2021-02-12,91.52999877929688,92.7300033569336,91.3499984741211,92.55000305175781,79.09944915771484,7858300,CVX,2021,2021Q1
2021-02-16,93.05000305175781,93.86000061035156,92.61000061035156,93.12999725341797,80.72026824951172,14006000,CVX,2021,2021Q1
2021-02-17,95.41999816894531,96.72000122070312,94.19999694824219,95.91999816894531,83.13848114013672,14342300,CVX,2021,2021Q1
2021-02-18,95.75,95.77999877929688,94.30000305175781,95.0,82.3410873413086,9030600,CVX,2021,2021Q1
2021-02-19,95.12999725341797,96.37999725341797,94.6500015258789,95.80000305175781,83.03448486328125,8913900,CVX,2021,2021Q1
2021-02-22,96.98999786376953,99.63999938964844,96.45999908447266,98.38999938964844,85.27936553955078,13178700,CVX,2021,2021Q1
2021-02-23,99.97000122070312,100.16000366210938,96.80000305175781,99.62999725341797,86.35414123535156,14874000,CVX,2021,2021Q1
2021-02-24,100.33000183105469,104.04000091552734,99.80999755859375,103.30999755859375,89.54375457763672,16116000,CVX,2021,2021Q1
2021-02-25,104.9000015258789,104.95999908447266,101.58999633789062,102.3499984741211,88.71168518066406,13219200,CVX,2021,2021Q1
2021-02-26,100.30000305175781,101.05999755859375,97.61000061035156,100.0,86.67483520507812,14454100,CVX,2021,2021Q1
2021-03-01,102.45999908447266,103.80000305175781,101.4000015258789,102.05000305175781,88.45166015625,10439900,CVX,2021,2021Q1
2021-03-02,101.88999938964844,103.30999755859375,101.70999908447266,102.44000244140625,88.78971099853516,10643500,CVX,2021,2021Q1
2021-03-03,103.41000366210938,105.75,103.4000015258789,103.58999633789062,89.78644561767578,14958200,CVX,2021,2021Q1
2021-03-04,104.5199966430664,107.58000183105469,103.12999725341797,104.5,90.57518768310547,22994200,CVX,2021,2021Q1
2021-03-05,106.95999908447266,109.12999725341797,106.1500015258789,109.0,94.47555541992188,23638200,CVX,2021,2021Q1
2021-03-08,109.86000061035156,110.43000030517578,108.05999755859375,109.75,95.12562561035156,18033600,CVX,2021,2021Q1
2021-03-09,109.06999969482422,110.69000244140625,107.87999725341797,109.5,94.908935546875,19010700,CVX,2021,2021Q1
2021-03-10,110.19999694824219,112.01000213623047,109.69999694824219,111.37000274658203,96.52977752685547,17389900,CVX,2021,2021Q1
2021-03-11,111.6500015258789,112.55000305175781,110.88999938964844,111.19000244140625,96.37374114990234,10989500,CVX,2021,2021Q1
2021-03-12,111.63999938964844,112.69999694824219,110.72000122070312,111.55999755859375,96.6944351196289,10930300,CVX,2021,2021Q1
2021-03-15,111.52999877929688,111.91000366210938,108.88999938964844,110.25,95.55899810791016,10488000,CVX,2021,2021Q1
2021-03-16,108.52999877929688,108.87999725341797,107.08000183105469,107.63999938964844,93.29679870605469,11698400,CVX,2021,2021Q1
2021-03-17,107.20999908447266,108.55999755859375,106.5999984741211,108.02999877929688,93.63482666015625,9168600,CVX,2021,2021Q1
2021-03-18,107.01000213623047,107.52999877929688,103.70999908447266,104.12000274658203,90.24584197998047,13246600,CVX,2021,2021Q1
2021-03-19,103.94000244140625,104.88999938964844,102.73999786376953,103.37999725341797,89.60443115234375,18491000,CVX,2021,2021Q1
2021-03-22,103.05999755859375,104.5,102.30999755859375,102.54000091552734,88.87637329101562,12508500,CVX,2021,2021Q1
2021-03-23,101.44999694824219,104.30000305175781,100.69000244140625,101.97000122070312,88.38232421875,14781700,CVX,2021,2021Q1
2021-03-24,102.98999786376953,105.76000213623047,102.91000366210938,104.69999694824219,90.74854278564453,11026800,CVX,2021,2021Q1
2021-03-25,102.8499984741211,105.26000213623047,102.06999969482422,105.06999969482422,91.06924438476562,11138200,CVX,2021,2021Q1
2021-03-26,106.54000091552734,107.54000091552734,105.36000061035156,107.4800033569336,93.15809631347656,9820200,CVX,2021,2021Q1
2021-03-29,106.4000015258789,107.52999877929688,105.69999694824219,106.91999816894531,92.6727066040039,7542300,CVX,2021,2021Q1
2021-03-30,106.05999755859375,106.83000183105469,105.58999633789062,105.93000030517578,91.81464385986328,6284600,CVX,2021,2021Q1
2021-03-31,105.55000305175781,106.22000122070312,104.5999984741211,104.79000091552734,90.82656860351562,8954400,CVX,2021,2021Q1
2021-04-01,105.26000213623047,105.86000061035156,104.20999908447266,105.75,91.65862274169922,8515800,CVX,2021,2021Q2
2021-04-05,105.7300033569336,105.83000183105469,104.16999816894531,104.51000213623047,90.58385467529297,8692700,CVX,2021,2021Q2
2021-04-06,104.25,105.08000183105469,103.44999694824219,103.58000183105469,89.77779388427734,8125100,CVX,2021,2021Q2
2021-04-07,103.47000122070312,104.56999969482422,103.26000213623047,104.19000244140625,90.3064956665039,7699300,CVX,2021,2021Q2
2021-04-08,103.5199966430664,103.62000274658203,102.06999969482422,103.0199966430664,89.29240417480469,8283000,CVX,2021,2021Q2
2021-04-09,103.12000274658203,103.68000030517578,102.0999984741211,102.91999816894531,89.2057113647461,7163700,CVX,2021,2021Q2
2021-04-12,103.66999816894531,103.86000061035156,101.51000213623047,101.77999877929688,88.21763610839844,7845900,CVX,2021,2021Q2
2021-04-13,101.55999755859375,102.5999984741211,101.29000091552734,102.23999786376953,88.61634063720703,6829900,CVX,2021,2021Q2
2021-04-14,102.6500015258789,105.33000183105469,102.5999984741211,104.2699966430664,90.37584686279297,10194800,CVX,2021,2021Q2
2021-04-15,104.01000213623047,104.2699966430664,102.93000030517578,103.41999816894531,89.63911437988281,7860500,CVX,2021,2021Q2
2021-04-16,103.80000305175781,104.36000061035156,102.43000030517578,102.95999908447266,89.24040222167969,7459700,CVX,2021,2021Q2
2021-04-19,103.2699966430664,103.83000183105469,102.20999908447266,103.26000213623047,89.50044250488281,7068700,CVX,2021,2021Q2
2021-04-20,102.83000183105469,102.98999786376953,100.51000213623047,101.33000183105469,87.8276138305664,9783800,CVX,2021,2021Q2
2021-04-21,100.33000183105469,102.98999786376953,100.13999938964844,102.7300033569336,89.04105377197266,8264400,CVX,2021,2021Q2
2021-04-22,102.87000274658203,102.87000274658203,100.87000274658203,100.94999694824219,87.49823760986328,9899400,CVX,2021,2021Q2
2021-04-23,101.0999984741211,102.16999816894531,100.72000122070312,101.55000305175781,88.01829528808594,6756000,CVX,2021,2021Q2
2021-04-26,101.2699966430664,102.66999816894531,101.26000213623047,101.5199966430664,87.9922866821289,5639700,CVX,2021,2021Q2
2021-04-27,101.80999755859375,103.0999984741211,101.51000213623047,102.69999694824219,89.0150375366211,6898900,CVX,2021,2021Q2
2021-04-28,103.54000091552734,105.86000061035156,103.37000274658203,105.22000122070312,91.19925689697266,8718400,CVX,2021,2021Q2
2021-04-29,106.41999816894531,107.6500015258789,105.75,106.9000015258789,92.6553955078125,9740300,CVX,2021,2021Q2
2021-04-30,104.9800033569336,105.38999938964844,102.97000122070312,103.06999969482422,89.33573913574219,13730000,CVX,2021,2021Q2
2021-05-03,103.9800033569336,105.72000122070312,103.22000122070312,105.52999877929688,91.46794891357422,7938100,CVX,2021,2021Q2
2021-05-04,105.95999908447266,106.51000213623047,104.8499984741211,106.11000061035156,91.97066497802734,8704300,CVX,2021,2021Q2
2021-05-05,107.08999633789062,109.54000091552734,106.81999969482422,108.95999908447266,94.4408950805664,12872400,CVX,2021,2021Q2
2021-05-06,108.94999694824219,109.12999725341797,107.41999816894531,109.0199966430664,94.49288177490234,9654900,CVX,2021,2021Q2
2021-05-07,108.08999633789062,110.66999816894531,107.69999694824219,110.0199966430664,95.3596420288086,10273000,CVX,2021,2021Q2
2021-05-10,111.44000244140625,113.11000061035156,109.5199966430664,109.56999969482422,94.9696044921875,13586500,CVX,2021,2021Q2
2021-05-11,109.05999755859375,109.58000183105469,106.20999908447266,106.69999694824219,92.4820327758789,12754800,CVX,2021,2021Q2
2021-05-12,107.0,110.1500015258789,106.72000122070312,107.37000274658203,93.06278228759766,11661900,CVX,2021,2021Q2
2021-05-13,106.06999969482422,107.87000274658203,105.44000244140625,106.68000030517578,92.46470642089844,9706300,CVX,2021,2021Q2
2021-05-14,107.80000305175781,109.81999969482422,107.80000305175781,109.47000122070312,94.8829345703125,9124100,CVX,2021,2021Q2
2021-05-17,109.08999633789062,110.87999725341797,108.97000122070312,110.80999755859375,96.04436492919922,12692900,CVX,2021,2021Q2
2021-05-18,108.94000244140625,109.05999755859375,105.97000122070312,106.18000030517578,93.15788269042969,12759900,CVX,2021,2021Q2
2021-05-19,103.81999969482422,104.29000091552734,101.97000122070312,103.19999694824219,90.5433349609375,14762700,CVX,2021,2021Q2
2021-05-20,103.06999969482422,104.06999969482422,101.97000122070312,103.55999755859375,90.85916900634766,9706300,CVX,2021,2021Q2
2021-05-21,104.0999984741211,105.19999694824219,103.68000030517578,104.12000274658203,91.35052490234375,10352800,CVX,2021,2021Q2
2021-05-24,104.94999694824219,105.83999633789062,104.0,105.5999984741211,92.64900207519531,6785600,CVX,2021,2021Q2
2021-05-25,105.43000030517578,105.62000274658203,103.61000061035156,103.87000274658203,91.13117218017578,7884000,CVX,2021,2021Q2
2021-05-26,104.5199966430664,104.91000366210938,103.66000366210938,104.12000274658203,91.35052490234375,9232400,CVX,2021,2021Q2
2021-05-27,104.12000274658203,104.91000366210938,102.56999969482422,103.01000213623047,90.37664031982422,11703400,CVX,2021,2021Q2
2021-05-28,103.62000274658203,104.12000274658203,102.94999694824219,103.79000091552734,91.06097412109375,7278200,CVX,2021,2021Q2
2021-06-01,105.30000305175781,107.43000030517578,105.30000305175781,106.6500015258789,93.57022857666016,10260600,CVX,2021,2021Q2
2021-06-02,107.20999908447266,108.55999755859375,106.20999908447266,108.08000183105469,94.8248519897461,9141800,CVX,2021,2021Q2
2021-06-03,107.55999755859375,108.08999633789062,106.55999755859375,107.58999633789062,94.39493560791016,8809300,CVX,2021,2021Q2
2021-06-04,108.23999786376953,108.66999816894531,107.20999908447266,108.44999694824219,95.14948272705078,6699300,CVX,2021,2021Q2
2021-06-07,108.37000274658203,108.69999694824219,107.56999969482422,107.75,94.53531646728516,6748600,CVX,2021,2021Q2
2021-06-08,107.6500015258789,108.9800033569336,106.30000305175781,108.7300033569336,95.3951416015625,10559500,CVX,2021,2021Q2
2021-06-09,109.05999755859375,109.52999877929688,107.6500015258789,107.77999877929688,94.56163787841797,10146900,CVX,2021,2021Q2
2021-06-10,109.05999755859375,110.25,107.25,108.41000366210938,95.11438751220703,13526200,CVX,2021,2021Q2
2021-06-11,108.83999633789062,108.97000122070312,107.86000061035156,107.91000366210938,94.67570495605469,7731700,CVX,2021,2021Q2
2021-06-14,108.18000030517578,108.95999908447266,106.83000183105469,107.97000122070312,94.72834777832031,9051900,CVX,2021,2021Q2
2021-06-15,108.41000366210938,110.4800033569336,108.38999938964844,110.30000305175781,96.77259826660156,10540200,CVX,2021,2021Q2
2021-06-16,110.02999877929688,110.51000213623047,108.9000015258789,109.66999816894531,96.21984100341797,9283300,CVX,2021,2021Q2
2021-06-17,109.23999786376953,109.9800033569336,96.30999755859375,107.06999969482422,93.93871307373047,14337800,CVX,2021,2021Q2
2021-06-18,105.25,106.2699966430664,102.91000366210938,103.02999877929688,90.39419555664062,22284500,CVX,2021,2021Q2
2021-06-21,104.0999984741211,106.44000244140625,103.93000030517578,106.05000305175781,93.04381561279297,13591500,CVX,2021,2021Q2
2021-06-22,105.33000183105469,106.95999908447266,104.30999755859375,106.4000015258789,93.35089111328125,10230100,CVX,2021,2021Q2
2021-06-23,107.36000061035156,108.12999725341797,106.2300033569336,106.2699966430664,93.23683166503906,7792800,CVX,2021,2021Q2
2021-06-24,107.13999938964844,107.77999877929688,106.36000061035156,107.13999938964844,94.00013732910156,8724600,CVX,2021,2021Q2
2021-06-25,107.58999633789062,108.05999755859375,106.77999877929688,107.30000305175781,94.14051818847656,8102300,CVX,2021,2021Q2
2021-06-28,106.94999694824219,107.0,103.66000366210938,103.98999786376953,91.23645782470703,11348400,CVX,2021,2021Q2
2021-06-29,104.58999633789062,104.97000122070312,103.61000061035156,103.76000213623047,91.03466796875,7225500,CVX,2021,2021Q2
2021-06-30,103.83999633789062,104.87999725341797,103.72000122070312,104.73999786376953,91.89447021484375,7927500,CVX,2021,2021Q2
2021-07-01,106.94999694824219,107.0999984741211,105.73999786376953,106.20999908447266,93.18418884277344,10873200,CVX,2021,2021Q3
2021-07-02,105.69999694824219,106.4000015258789,105.04000091552734,106.06999969482422,93.06135559082031,7107700,CVX,2021,2021Q3
2021-07-06,105.97000122070312,105.97000122070312,103.38999938964844,103.98999786376953,91.23645782470703,10162800,CVX,2021,2021Q3
2021-07-07,103.95999908447266,104.9000015258789,102.12000274658203,102.93000030517578,90.30645751953125,8245000,CVX,2021,2021Q3
2021-07-08,101.5,103.08999633789062,101.22000122070312,102.5999984741211,90.01692962646484,8695500,CVX,2021,2021Q3
2021-07-09,103.45999908447266,104.2300033569336,102.36000061035156,104.06999969482422,91.306640625,8567900,CVX,2021,2021Q3
2021-07-12,103.55999755859375,105.0199966430664,103.23999786376953,104.27999877929688,91.49089050292969,9898600,CVX,2021,2021Q3
2021-07-13,104.0,104.58000183105469,103.22000122070312,103.93000030517578,91.18382263183594,6738000,CVX,2021,2021Q3
2021-07-14,104.4800033569336,105.31999969482422,101.72000122070312,101.97000122070312,89.46418762207031,9216600,CVX,2021,2021Q3
2021-07-15,101.05000305175781,102.25,100.8499984741211,101.30000305175781,88.87637329101562,9665700,CVX,2021,2021Q3
2021-07-16,101.62999725341797,101.69000244140625,98.33000183105469,98.62000274658203,86.52503967285156,12199100,CVX,2021,2021Q3
2021-07-19,95.81999969482422,96.94999694824219,94.5199966430664,95.95999908447266,84.1912612915039,17385500,CVX,2021,2021Q3
2021-07-20,95.88999938964844,98.04000091552734,95.05000305175781,96.52999877929688,84.69136810302734,12114600,CVX,2021,2021Q3
2021-07-21,97.9800033569336,100.47000122070312,97.69999694824219,99.81999969482422,87.577880859375,11478100,CVX,2021,2021Q3
2021-07-22,99.4000015258789,99.41000366210938,97.88999938964844,98.81999969482422,86.70050811767578,7694300,CVX,2021,2021Q3
2021-07-23,98.80000305175781,99.12000274658203,97.94000244140625,98.86000061035156,86.7356185913086,7570800,CVX,2021,2021Q3
2021-07-26,99.45999908447266,101.26000213623047,99.44000244140625,100.94999694824219,88.56928253173828,10227500,CVX,2021,2021Q3
2021-07-27,100.05000305175781,100.72000122070312,98.94000244140625,100.61000061035156,88.27098846435547,8332100,CVX,2021,2021Q3
2021-07-28,100.9000015258789,101.80999755859375,100.27999877929688,101.18000030517578,88.77108001708984,8546100,CVX,2021,2021Q3
2021-07-29,102.37999725341797,102.87999725341797,101.94000244140625,102.56999969482422,89.99061584472656,8681300,CVX,2021,2021Q3
2021-07-30,103.05999755859375,104.05000305175781,100.7699966430664,101.80999755859375,89.32380676269531,12295300,CVX,2021,2021Q3
2021-08-02,102.08000183105469,103.9800033569336,101.55999755859375,101.62999725341797,89.16587829589844,8911800,CVX,2021,2021Q3
2021-08-03,101.58999633789062,102.91000366210938,100.66999816894531,102.5999984741211,90.01692962646484,8437300,CVX,2021,2021Q3
2021-08-04,100.44000244140625,101.9000015258789,100.0999984741211,100.30000305175781,87.99901580810547,10389800,CVX,2021,2021Q3
2021-08-05,100.94000244140625,102.43000030517578,100.66999816894531,101.2300033569336,88.81493377685547,7986100,CVX,2021,2021Q3
2021-08-06,102.0199966430664,102.58000183105469,101.5999984741211,101.94999694824219,89.4466323852539,6475600,CVX,2021,2021Q3
2021-08-09,100.91000366210938,101.37999725341797,99.93000030517578,100.25,87.95513916015625,9243100,CVX,2021,2021Q3
2021-08-10,100.73999786376953,102.31999969482422,100.58000183105469,102.08000183105469,89.56070709228516,9762600,CVX,2021,2021Q3
2021-08-11,102.04000091552734,102.97000122070312,101.5999984741211,102.8499984741211,90.23625946044922,7079800,CVX,2021,2021Q3
2021-08-12,102.86000061035156,103.25,101.77999877929688,102.63999938964844,90.0520248413086,7377600,CVX,2021,2021Q3
2021-08-13,102.2300033569336,102.54000091552734,101.63999938964844,101.95999908447266,89.45541381835938,6572600,CVX,2021,2021Q3
2021-08-16,100.83000183105469,101.19999694824219,99.91000366210938,100.91999816894531,88.54296875,9476600,CVX,2021,2021Q3
2021-08-17,100.19999694824219,101.68000030517578,99.62999725341797,100.7300033569336,88.37626647949219,10937500,CVX,2021,2021Q3
2021-08-18,98.69000244140625,99.41999816894531,96.55000305175781,96.69999694824219,85.9843521118164,12893600,CVX,2021,2021Q3
2021-08-19,94.80999755859375,95.30999755859375,92.86000061035156,94.29000091552734,83.84142303466797,17423400,CVX,2021,2021Q3
2021-08-20,93.5199966430664,94.87999725341797,93.20999908447266,94.30000305175781,83.85030364990234,9707600,CVX,2021,2021Q3
2021-08-23,96.08999633789062,97.0,96.05999755859375,96.7300033569336,86.01103210449219,10277800,CVX,2021,2021Q3
2021-08-24,97.5,98.61000061035156,97.38999938964844,97.83999633789062,86.9980239868164,8924900,CVX,2021,2021Q3
2021-08-25,97.22000122070312,98.72000122070312,96.72000122070312,98.51000213623047,87.59378051757812,9342300,CVX,2021,2021Q3
2021-08-26,98.11000061035156,98.7300033569336,97.19999694824219,97.22000122070312,86.44673919677734,8124800,CVX,2021,2021Q3
2021-08-27,98.13999938964844,99.45999908447266,98.05000305175781,98.63999938964844,87.70936584472656,10281200,CVX,2021,2021Q3
2021-08-30,99.08999633789062,99.30999755859375,97.97000122070312,98.38999938964844,87.48707580566406,8127200,CVX,2021,2021Q3
2021-08-31,98.13999938964844,98.41000366210938,96.63999938964844,96.7699966430664,86.04659271240234,15676900,CVX,2021,2021Q3
2021-09-01,96.86000061035156,97.06999969482422,95.47000122070312,95.70999908447266,85.10406494140625,10557300,CVX,2021,2021Q3
2021-09-02,96.63999938964844,98.38999938964844,96.55000305175781,97.70999908447266,86.88241577148438,12340100,CVX,2021,2021Q3
2021-09-03,97.4000015258789,98.43000030517578,97.37999725341797,97.48999786376953,86.68682098388672,9097000,CVX,2021,2021Q3
2021-09-07,97.0199966430664,97.9800033569336,96.73999786376953,97.05999755859375,86.30445861816406,9237800,CVX,2021,2021Q3
2021-09-08,97.5,98.47000122070312,96.3499984741211,96.38999938964844,85.70869445800781,10775900,CVX,2021,2021Q3
2021-09-09,95.88999938964844,97.62000274658203,95.3499984741211,96.0,85.3619155883789,10219400,CVX,2021,2021Q3
2021-09-10,97.5999984741211,97.69999694824219,95.88999938964844,96.06999969482422,85.42416381835938,11006000,CVX,2021,2021Q3
2021-09-13,97.20999908447266,98.70999908447266,97.05999755859375,97.97000122070312,87.11361694335938,11500900,CVX,2021,2021Q3
2021-09-14,98.37999725341797,98.73999786376953,95.9800033569336,96.19999694824219,85.53975677490234,15294100,CVX,2021,2021Q3
2021-09-15,96.98999786376953,98.52999877929688,96.98999786376953,98.23999786376953,87.35369873046875,11623400,CVX,2021,2021Q3
2021-09-16,98.31999969482422,98.58999633789062,96.91000366210938,97.31999969482422,86.53565216064453,10616700,CVX,2021,2021Q3
2021-09-17,97.11000061035156,98.37999725341797,96.37000274658203,96.76000213623047,86.03770446777344,16006100,CVX,2021,2021Q3
2021-09-20,94.63999938964844,95.25,93.30999755859375,94.77999877929688,84.27711486816406,15796100,CVX,2021,2021Q3
2021-09-21,95.56999969482422,95.88999938964844,94.02999877929688,94.8499984741211,84.33934783935547,10958400,CVX,2021,2021Q3
2021-09-22,96.23999786376953,98.77999877929688,96.23999786376953,97.63999938964844,86.8201904296875,13292800,CVX,2021,2021Q3
2021-09-23,98.23999786376953,100.2699966430664,97.75,100.05999755859375,88.97201538085938,10094900,CVX,2021,2021Q3
2021-09-24,99.6500015258789,100.97000122070312,99.6500015258789,100.5999984741211,89.4521713256836,8225300,CVX,2021,2021Q3
2021-09-27,102.58999633789062,103.77999877929688,102.58999633789062,102.97000122070312,91.5595474243164,12697500,CVX,2021,2021Q3
2021-09-28,103.91000366210938,104.88999938964844,102.87999725341797,103.36000061035156,91.9063491821289,15560800,CVX,2021,2021Q3
2021-09-29,103.20999908447266,104.23999786376953,102.33999633789062,103.33000183105469,91.87966918945312,10268100,CVX,2021,2021Q3
2021-09-30,103.41999816894531,103.44999694824219,101.44999694824219,101.44999694824219,90.20799255371094,15319800,CVX,2021,2021Q3
2021-10-01,102.22000122070312,104.54000091552734,101.87999725341797,104.33000183105469,92.76883697509766,10854900,CVX,2021,2021Q4
2021-10-04,105.0,105.86000061035156,104.11000061035156,104.72000122070312,93.11563873291016,13305400,CVX,2021,2021Q4
2021-10-05,106.04000091552734,107.7699966430664,105.41999816894531,105.86000061035156,94.12931060791016,13017300,CVX,2021,2021Q4
2021-10-06,104.18000030517578,105.3499984741211,103.58000183105469,104.93000030517578,93.3023681640625,10630100,CVX,2021,2021Q4
2021-10-07,105.61000061035156,106.30000305175781,105.22000122070312,105.68000030517578,93.96925354003906,8830900,CVX,2021,2021Q4
2021-10-08,106.80999755859375,108.43000030517578,106.5999984741211,108.05000305175781,96.07662963867188,10586700,CVX,2021,2021Q4
2021-10-11,109.55999755859375,109.62999725341797,106.91999816894531,107.12999725341797,95.25857543945312,9794800,CVX,2021,2021Q4
2021-10-12,106.98999786376953,107.58000183105469,106.16999816894531,107.1500015258789,95.27635192871094,9085000,CVX,2021,2021Q4
2021-10-13,106.7699966430664,108.33999633789062,106.4800033569336,107.79000091552734,95.84544372558594,9220700,CVX,2021,2021Q4
2021-10-14,108.87999725341797,109.16000366210938,108.11000061035156,108.80999755859375,96.75241088867188,7648600,CVX,2021,2021Q4
2021-10-15,109.7699966430664,110.02999877929688,109.43000030517578,109.61000061035156,97.46376037597656,9968100,CVX,2021,2021Q4
2021-10-18,110.22000122070312,110.41000366210938,108.95999908447266,109.55999755859375,97.41930389404297,10677400,CVX,2021,2021Q4
2021-10-19,110.16000366210938,111.69999694824219,109.80000305175781,111.69999694824219,99.32215881347656,10362800,CVX,2021,2021Q4
2021-10-20,111.08999633789062,113.16999816894531,110.77999877929688,113.16000366210938,100.62037658691406,10811400,CVX,2021,2021Q4
2021-10-21,112.70999908447266,112.80999755859375,110.87000274658203,111.73999786376953,99.35771179199219,9372600,CVX,2021,2021Q4
2021-10-22,112.22000122070312,112.87999725341797,111.44999694824219,112.80000305175781,100.30024719238281,8673800,CVX,2021,2021Q4
2021-10-25,113.52999877929688,114.3499984741211,113.30000305175781,113.8499984741211,101.2339096069336,9579800,CVX,2021,2021Q4
2021-10-26,113.9800033569336,114.5999984741211,113.51000213623047,114.0999984741211,101.45620727539062,7463000,CVX,2021,2021Q4
2021-10-27,113.22000122070312,113.58000183105469,111.6500015258789,112.06999969482422,99.65115356445312,9096100,CVX,2021,2021Q4
2021-10-28,111.58000183105469,113.2699966430664,111.58000183105469,113.12000274658203,100.58480072021484,7538200,CVX,2021,2021Q4
2021-10-29,114.83000183105469,115.29000091552734,113.1500015258789,114.48999786376953,101.80299377441406,15294200,CVX,2021,2021Q4
2021-11-01,115.02999877929688,115.08999633789062,114.05000305175781,114.52999877929688,101.83853912353516,11213800,CVX,2021,2021Q4
2021-11-02,114.18000030517578,114.19000244140625,113.20999908447266,113.83000183105469,101.21611785888672,9189700,CVX,2021,2021Q4
2021-11-03,112.2699966430664,113.2699966430664,111.97000122070312,113.01000213623047,100.48699188232422,10416000,CVX,2021,2021Q4
2021-11-04,114.22000122070312,114.26000213623047,112.91000366210938,113.51000213623047,100.93158721923828,9673000,CVX,2021,2021Q4
2021-11-05,114.2699966430664,115.05000305175781,113.93000030517578,114.73999786376953,102.02527618408203,8102100,CVX,2021,2021Q4
2021-11-08,115.08999633789062,115.98999786376953,114.69000244140625,115.1500015258789,102.38983917236328,7695900,CVX,2021,2021Q4
2021-11-09,115.2699966430664,116.12000274658203,114.45999908447266,116.0,103.14566802978516,10945900,CVX,2021,2021Q4
2021-11-10,115.76000213623047,116.20999908447266,113.66000366210938,114.1500015258789,101.50066375732422,10305100,CVX,2021,2021Q4
2021-11-11,113.5999984741211,114.66999816894531,113.56999969482422,114.16000366210938,101.50955963134766,7317500,CVX,2021,2021Q4
2021-11-12,113.80000305175781,114.30999755859375,113.58999633789062,114.2300033569336,101.57178497314453,8682800,CVX,2021,2021Q4
2021-11-15,114.94999694824219,116.94999694824219,114.2699966430664,116.81999969482422,103.87478637695312,11050400,CVX,2021,2021Q4
2021-11-16,117.11000061035156,118.08000183105469,116.86000061035156,117.27999877929688,104.28382110595703,10566300,CVX,2021,2021Q4
2021-11-17,114.87000274658203,116.52999877929688,114.66000366210938,115.41999816894531,103.81607818603516,11108000,CVX,2021,2021Q4
2021-11-18,114.8499984741211,115.37999725341797,113.41000366210938,114.44999694824219,102.94361114501953,8368600,CVX,2021,2021Q4
2021-11-19,112.51000213623047,113.1500015258789,111.0999984741211,111.91000366210938,100.65898895263672,13532600,CVX,2021,2021Q4
2021-11-22,112.0199966430664,115.19000244140625,111.8499984741211,113.91000366210938,102.4579086303711,9947100,CVX,2021,2021Q4
2021-11-23,115.19000244140625,116.83999633789062,115.05999755859375,116.30000305175781,104.60762786865234,10366800,CVX,2021,2021Q4
2021-11-24,116.80999755859375,118.0,116.68000030517578,117.19000244140625,105.40814971923828,8500900,CVX,2021,2021Q4
2021-11-26,113.3499984741211,114.83000183105469,112.62999725341797,114.51000213623047,102.9975814819336,11861800,CVX,2021,2021Q4
2021-11-29,116.33999633789062,117.16999816894531,114.70999908447266,114.8499984741211,103.30341339111328,12003800,CVX,2021,2021Q4
2021-11-30,113.44999694824219,115.86000061035156,112.44000244140625,112.87000274658203,101.52246856689453,24451200,CVX,2021,2021Q4
2021-12-01,114.94999694824219,116.05999755859375,112.08999633789062,112.0999984741211,100.82988739013672,12302700,CVX,2021,2021Q4
2021-12-02,113.25,115.69999694824219,111.93000030517578,115.13999938964844,103.56423950195312,11392400,CVX,2021,2021Q4
2021-12-03,116.73999786376953,117.0,113.58999633789062,114.41000366210938,102.90763854980469,10445100,CVX,2021,2021Q4
2021-12-06,115.95999908447266,117.44999694824219,115.05000305175781,116.19999694824219,104.51766967773438,9833900,CVX,2021,2021Q4
2021-12-07,117.23999786376953,118.66000366210938,117.23999786376953,117.91999816894531,106.06475067138672,11419600,CVX,2021,2021Q4
2021-12-08,118.38999938964844,119.26000213623047,117.66000366210938,118.44999694824219,106.54146575927734,8827900,CVX,2021,2021Q4
2021-12-09,117.8499984741211,118.5999984741211,117.58000183105469,118.13999938964844,106.26263427734375,8334700,CVX,2021,2021Q4
2021-12-10,118.93000030517578,119.19999694824219,116.87000274658203,118.33999633789062,106.4425277709961,9090700,CVX,2021,2021Q4
2021-12-13,117.45999908447266,117.8499984741211,115.61000061035156,115.87999725341797,104.22984313964844,8533000,CVX,2021,2021Q4
2021-12-14,115.73999786376953,116.91999816894531,115.47000122070312,116.22000122070312,104.53565979003906,12245300,CVX,2021,2021Q4
2021-12-15,116.31999969482422,116.31999969482422,113.94999694824219,115.55999755859375,103.9420166015625,11069500,CVX,2021,2021Q4
2021-12-16,116.19000244140625,118.19000244140625,115.91999816894531,116.63999938964844,104.9134292602539,11344700,CVX,2021,2021Q4
2021-12-17,115.91999816894531,116.45999908447266,113.52999877929688,113.5999984741211,102.1790771484375,22727900,CVX,2021,2021Q4
2021-12-20,111.86000061035156,113.70999908447266,110.7300033569336,113.6500015258789,102.22403717041016,13464400,CVX,2021,2021Q4
2021-12-21,114.43000030517578,116.06999969482422,114.29000091552734,115.47000122070312,103.86106872558594,11368200,CVX,2021,2021Q4
2021-12-22,115.41999816894531,116.68000030517578,114.41000366210938,116.12999725341797,104.45471954345703,8345200,CVX,2021,2021Q4
2021-12-23,116.51000213623047,117.91999816894531,116.4000015258789,116.41000366210938,104.70657348632812,7416600,CVX,2021,2021Q4
2021-12-27,116.06999969482422,118.81999969482422,115.41000366210938,118.79000091552734,106.8472900390625,7745500,CVX,2021,2021Q4
2021-12-28,118.66000366210938,119.33999633789062,118.04000091552734,118.55999755859375,106.64042663574219,6516000,CVX,2021,2021Q4
2021-12-29,118.08000183105469,118.6500015258789,117.29000091552734,117.94999694824219,106.09175109863281,6957400,CVX,2021,2021Q4
2021-12-30,118.12999725341797,118.69000244140625,117.33999633789062,117.43000030517578,105.62403106689453,6016000,CVX,2021,2021Q4
2021-12-31,117.37999725341797,118.08999633789062,117.12999725341797,117.3499984741211,105.55206298828125,5706600,CVX,2021,2021Q4
2021-01-04,41.45000076293945,42.25,41.0,41.5,35.45216751098633,27764700,XOM,2021,2021Q1
2021-01-05,41.84000015258789,44.79999923706055,41.83000183105469,43.5,37.160701751708984,44035100,XOM,2021,2021Q1
2021-01-06,44.40999984741211,45.099998474121094,43.70000076293945,44.61000061035156,38.10893249511719,36484800,XOM,2021,2021Q1
2021-01-07,45.0,45.56999969482422,44.529998779296875,44.959999084472656,38.40793228149414,29528100,XOM,2021,2021Q1
2021-01-08,45.20000076293945,45.81999969482422,44.95000076293945,45.459999084472656,38.835060119628906,28628200,XOM,2021,2021Q1
2021-01-11,45.040000915527344,47.13999938964844,44.75,46.84000015258789,40.013954162597656,38246200,XOM,2021,2021Q1
2021-01-12,47.459999084472656,48.16999816894531,46.90999984741211,47.880001068115234,40.90239715576172,36915100,XOM,2021,2021Q1
2021-01-13,48.529998779296875,48.709999084472656,47.689998626708984,48.41999816894531,41.36370849609375,29000300,XOM,2021,2021Q1
2021-01-14,48.5,51.08000183105469,48.5,50.310001373291016,42.978275299072266,35474800,XOM,2021,2021Q1
2021-01-15,48.90999984741211,49.08000183105469,47.290000915527344,47.88999938964844,40.91094207763672,42411300,XOM,2021,2021Q1
2021-01-19,48.45000076293945,49.439998626708984,48.349998474121094,48.84000015258789,41.72249221801758,24932600,XOM,2021,2021Q1
2021-01-20,49.11000061035156,49.7400016784668,48.9900016784668,49.529998779296875,42.31194305419922,22342400,XOM,2021,2021Q1
2021-01-21,49.33000183105469,49.38999938964844,47.68000030517578,48.11000061035156,41.098880767822266,29044500,XOM,2021,2021Q1
2021-01-22,47.0099983215332,47.63999938964844,46.63999938964844,47.43000030517578,40.51797103881836,23264800,XOM,2021,2021Q1
2021-01-25,46.900001525878906,47.04999923706055,46.15999984741211,46.900001525878906,40.065208435058594,26395800,XOM,2021,2021Q1
2021-01-26,47.2599983215332,47.86000061035156,45.849998474121094,45.869998931884766,39.1853141784668,23976800,XOM,2021,2021Q1
2021-01-27,45.0,46.65999984741211,44.529998779296875,45.349998474121094,38.741092681884766,32410300,XOM,2021,2021Q1
2021-01-28,45.939998626708984,46.59000015258789,45.689998626708984,46.060001373291016,39.347633361816406,24967200,XOM,2021,2021Q1
2021-01-29,45.54999923706055,46.040000915527344,44.5099983215332,44.84000015258789,38.305416107177734,38961100,XOM,2021,2021Q1
2021-02-01,45.58000183105469,45.58000183105469,44.290000915527344,44.91999816894531,38.373756408691406,24412400,XOM,2021,2021Q1
2021-02-02,45.810001373291016,46.9900016784668,45.279998779296875,45.630001068115234,38.980289459228516,31940400,XOM,2021,2021Q1
2021-02-03,45.630001068115234,47.66999816894531,45.41999816894531,47.41999816894531,40.509429931640625,28459300,XOM,2021,2021Q1
2021-02-04,47.880001068115234,48.380001068115234,47.25,48.33000183105469,41.28682327270508,25280300,XOM,2021,2021Q1
2021-02-05,49.18000030517578,50.119998931884766,49.040000915527344,49.95000076293945,42.67072677612305,34980100,XOM,2021,2021Q1
2021-02-08,50.91999816894531,52.36000061035156,50.709999084472656,52.099998474121094,44.50740432739258,36998700,XOM,2021,2021Q1
2021-02-09,50.66999816894531,50.959999084472656,49.77000045776367,50.630001068115234,43.98613739013672,28977000,XOM,2021,2021Q1
2021-02-10,50.630001068115234,51.41999816894531,50.38999938964844,51.119998931884766,44.41184997558594,25723800,XOM,2021,2021Q1
2021-02-11,50.88999938964844,50.93000030517578,48.779998779296875,49.84000015258789,43.29981994628906,26972200,XOM,2021,2021Q1
2021-02-12,49.43000030517578,50.709999084472656,49.40999984741211,50.52000045776367,43.89058303833008,19756700,XOM,2021,2021Q1
2021-02-16,51.959999084472656,52.529998779296875,51.619998931884766,52.040000915527344,45.21112060546875,28060100,XOM,2021,2021Q1
2021-02-17,52.349998474121094,53.27000045776367,51.79999923706055,52.849998474121094,45.91482925415039,25509700,XOM,2021,2021Q1
2021-02-18,52.810001373291016,52.939998626708984,51.86000061035156,52.02000045776367,45.193748474121094,20627600,XOM,2021,2021Q1
2021-02-19,52.11000061035156,52.560001373291016,51.91999816894531,52.369998931884766,45.49782180786133,22607200,XOM,2021,2021Q1
2021-02-22,52.59000015258789,54.810001373291016,52.59000015258789,54.29999923706055,47.17455291748047,36435100,XOM,2021,2021Q1
2021-02-23,54.97999954223633,55.2599983215332,53.7400016784668,55.04999923706055,47.826133728027344,33527900,XOM,2021,2021Q1
2021-02-24,55.189998626708984,57.0,54.869998931884766,56.70000076293945,49.25960922241211,28728600,XOM,2021,2021Q1
2021-02-25,56.97999954223633,57.25,55.349998474121094,55.7599983215332,48.44296646118164,29670900,XOM,2021,2021Q1
2021-02-26,54.40999984741211,55.060001373291016,53.119998931884766,54.369998931884766,47.23536682128906,35291000,XOM,2021,2021Q1
2021-03-01,56.470001220703125,57.61000061035156,56.130001068115234,56.400001525878906,48.998985290527344,36998300,XOM,2021,2021Q1
2021-03-02,56.650001525878906,56.959999084472656,56.02000045776367,56.06999969482422,48.712284088134766,30302600,XOM,2021,2021Q1
2021-03-03,56.41999816894531,57.959999084472656,55.880001068115234,56.52000045776367,49.103240966796875,35358900,XOM,2021,2021Q1
2021-03-04,57.119998931884766,59.470001220703125,57.099998474121094,58.709999084472656,51.005855560302734,52137500,XOM,2021,2021Q1
2021-03-05,59.83000183105469,61.04999923706055,59.11000061035156,60.93000030517578,52.934539794921875,51429800,XOM,2021,2021Q1
2021-03-08,61.58000183105469,61.61000061035156,59.81999969482422,60.869998931884766,52.882415771484375,38154600,XOM,2021,2021Q1
2021-03-09,60.61000061035156,61.38999938964844,59.470001220703125,59.93000030517578,52.065765380859375,35645900,XOM,2021,2021Q1
2021-03-10,60.52000045776367,61.91999816894531,60.029998779296875,61.77000045776367,53.66431427001953,31579100,XOM,2021,2021Q1
2021-03-11,61.779998779296875,62.54999923706055,61.2599983215332,61.310001373291016,53.264678955078125,24802600,XOM,2021,2021Q1
2021-03-12,61.54999923706055,62.369998931884766,61.5,61.970001220703125,53.838069915771484,20422700,XOM,2021,2021Q1
2021-03-15,61.4900016784668,61.86000061035156,59.869998931884766,60.38999938964844,52.46540451049805,31243600,XOM,2021,2021Q1
2021-03-16,59.540000915527344,59.65999984741211,58.439998626708984,59.11000061035156,51.35337448120117,30624800,XOM,2021,2021Q1
2021-03-17,58.689998626708984,59.72999954223633,58.619998931884766,59.369998931884766,51.579254150390625,25575500,XOM,2021,2021Q1
2021-03-18,58.810001373291016,58.970001220703125,56.52000045776367,56.810001373291016,49.35517883300781,38622800,XOM,2021,2021Q1
2021-03-19,56.709999084472656,57.470001220703125,55.810001373291016,56.4900016784668,49.077171325683594,84439400,XOM,2021,2021Q1
2021-03-22,56.5,56.86000061035156,55.900001525878906,55.90999984741211,48.573280334472656,29315100,XOM,2021,2021Q1
2021-03-23,54.939998626708984,56.290000915527344,54.45000076293945,55.220001220703125,47.97382736206055,33493300,XOM,2021,2021Q1
2021-03-24,56.08000183105469,57.279998779296875,56.08000183105469,56.34000015258789,48.94685745239258,29781800,XOM,2021,2021Q1
2021-03-25,55.209999084472656,56.5,54.5,56.18000030517578,48.807857513427734,31495900,XOM,2021,2021Q1
2021-03-26,57.29999923706055,57.779998779296875,56.52000045776367,57.709999084472656,50.137081146240234,34226500,XOM,2021,2021Q1
2021-03-29,57.34000015258789,57.81999969482422,56.7400016784668,57.400001525878906,49.86776351928711,21144400,XOM,2021,2021Q1
2021-03-30,56.86000061035156,57.36000061035156,56.4900016784668,56.689998626708984,49.25092697143555,20303400,XOM,2021,2021Q1
2021-03-31,56.349998474121094,56.630001068115234,55.79999923706055,55.83000183105469,48.5037841796875,23686500,XOM,2021,2021Q1
2021-04-01,56.31999969482422,57.45000076293945,56.13999938964844,57.38999938964844,49.85907745361328,23194500,XOM,2021,2021Q2
2021-04-05,57.29999923706055,57.31999969482422,56.13999938964844,56.5,49.08586502075195,23264800,XOM,2021,2021Q2
2021-04-06,56.84000015258789,57.540000915527344,56.2599983215332,56.34000015258789,48.94685745239258,18926300,XOM,2021,2021Q2
2021-04-07,56.38999938964844,56.77000045776367,56.2400016784668,56.59000015258789,49.16405487060547,22385000,XOM,2021,2021Q2
2021-04-08,55.93000030517578,56.08000183105469,55.31999969482422,56.0,48.65147399902344,21999300,XOM,2021,2021Q2
2021-04-09,56.0,56.439998626708984,55.529998779296875,55.869998931884766,48.53853225708008,20020700,XOM,2021,2021Q2
2021-04-12,56.7599983215332,56.790000915527344,55.310001373291016,55.5,48.21709060668945,20238800,XOM,2021,2021Q2
2021-04-13,55.29999923706055,55.97999954223633,55.09000015258789,55.709999084472656,48.3995246887207,19370600,XOM,2021,2021Q2
2021-04-14,56.40999984741211,58.0099983215332,56.25,57.31999969482422,49.798255920410156,28051100,XOM,2021,2021Q2
2021-04-15,57.41999816894531,57.41999816894531,56.779998779296875,56.97999954223633,49.50286865234375,23250300,XOM,2021,2021Q2
2021-04-16,57.36000061035156,57.68000030517578,56.439998626708984,56.65999984741211,49.2248649597168,22752000,XOM,2021,2021Q2
2021-04-19,56.75,57.13999938964844,55.959999084472656,56.47999954223633,49.0684814453125,21123300,XOM,2021,2021Q2
2021-04-20,56.470001220703125,56.470001220703125,54.779998779296875,55.290000915527344,48.034645080566406,21782100,XOM,2021,2021Q2
2021-04-21,54.5,56.130001068115234,54.29999923706055,56.0,48.65147399902344,16625600,XOM,2021,2021Q2
2021-04-22,55.9900016784668,55.9900016784668,55.02000045776367,55.27000045776367,48.017269134521484,21600100,XOM,2021,2021Q2
2021-04-23,55.27000045776367,55.939998626708984,55.18000030517578,55.56999969482422,48.27789306640625,15337900,XOM,2021,2021Q2
2021-04-26,55.470001220703125,56.290000915527344,55.439998626708984,55.68000030517578,48.373470306396484,16083800,XOM,2021,2021Q2
2021-04-27,56.0099983215332,56.630001068115234,55.810001373291016,56.40999984741211,49.00767517089844,19278600,XOM,2021,2021Q2
2021-04-28,56.90999984741211,58.459999084472656,56.790000915527344,58.11000061035156,50.48459243774414,24729800,XOM,2021,2021Q2
2021-04-29,58.91999816894531,59.47999954223633,58.150001525878906,58.939998626708984,51.20567321777344,27318400,XOM,2021,2021Q2
2021-04-30,58.33000183105469,58.88999938964844,57.15999984741211,57.2400016784668,49.728759765625,30518400,XOM,2021,2021Q2
2021-05-03,57.97999954223633,58.9900016784668,57.7400016784668,58.81999969482422,51.10142517089844,20509600,XOM,2021,2021Q2
2021-05-04,59.0,59.5,58.5099983215332,59.189998626708984,51.422874450683594,23522200,XOM,2021,2021Q2
2021-05-05,59.77000045776367,61.04999923706055,59.400001525878906,60.970001220703125,52.96929168701172,31526200,XOM,2021,2021Q2
2021-05-06,60.86000061035156,61.63999938964844,60.029998779296875,61.54999923706055,53.47318649291992,26836800,XOM,2021,2021Q2
2021-05-07,61.06999969482422,62.470001220703125,60.849998474121094,62.43000030517578,54.237701416015625,33610600,XOM,2021,2021Q2
2021-05-10,63.2400016784668,64.0199966430664,62.529998779296875,62.58000183105469,54.36802673339844,31956600,XOM,2021,2021Q2
2021-05-11,61.630001068115234,62.38999938964844,60.38999938964844,60.59000015258789,52.63915252685547,34563800,XOM,2021,2021Q2
2021-05-12,60.0099983215332,61.68000030517578,59.75,60.040000915527344,52.92122268676758,34426500,XOM,2021,2021Q2
2021-05-13,59.0,60.45000076293945,58.75,59.29999923706055,52.268959045410156,24268200,XOM,2021,2021Q2
2021-05-14,59.93000030517578,60.880001068115234,59.93000030517578,60.77000045776367,53.564659118652344,20735400,XOM,2021,2021Q2
2021-05-17,60.540000915527344,62.25,60.43000030517578,62.189998626708984,54.81629180908203,25282500,XOM,2021,2021Q2
2021-05-18,62.0,62.29999923706055,60.400001525878906,60.43000030517578,53.264976501464844,25170800,XOM,2021,2021Q2
2021-05-19,59.099998474121094,59.86000061035156,58.41999816894531,58.97999954223633,51.986900329589844,28889800,XOM,2021,2021Q2
2021-05-20,58.95000076293945,59.150001525878906,58.2400016784668,58.84000015258789,51.863502502441406,20692500,XOM,2021,2021Q2
2021-05-21,59.41999816894531,59.83000183105469,58.849998474121094,58.91999816894531,51.93400955200195,20792700,XOM,2021,2021Q2
2021-05-24,59.08000183105469,59.79999923706055,58.689998626708984,59.61000061035156,52.542205810546875,18400300,XOM,2021,2021Q2
2021-05-25,59.5,59.540000915527344,58.119998931884766,58.2599983215332,51.352264404296875,25616100,XOM,2021,2021Q2
2021-05-26,58.25,59.119998931884766,57.900001525878906,58.939998626708984,51.95164108276367,21698700,XOM,2021,2021Q2
2021-05-27,59.22999954223633,59.70000076293945,58.02000045776367,58.560001373291016,51.61669158935547,33556000,XOM,2021,2021Q2
2021-05-28,58.72999954223633,58.79999923706055,58.11000061035156,58.369998931884766,51.449222564697266,19246800,XOM,2021,2021Q2
2021-06-01,59.45000076293945,60.70000076293945,59.45000076293945,60.459999084472656,53.291419982910156,28474200,XOM,2021,2021Q2
2021-06-02,60.75,61.310001373291016,60.16999816894531,60.939998626708984,53.71450424194336,22978300,XOM,2021,2021Q2
2021-06-03,60.54999923706055,61.40999984741211,60.349998474121094,61.18000030517578,53.926048278808594,20272800,XOM,2021,2021Q2
2021-06-04,61.459999084472656,61.70000076293945,60.779998779296875,61.45000076293945,54.164039611816406,20427800,XOM,2021,2021Q2
2021-06-07,61.33000183105469,61.72999954223633,61.02000045776367,61.04999923706055,53.81146240234375,15477900,XOM,2021,2021Q2
2021-06-08,61.5,62.47999954223633,60.66999816894531,62.130001068115234,54.7634162902832,28953400,XOM,2021,2021Q2
2021-06-09,62.66999816894531,63.41999816894531,62.189998626708984,62.650001525878906,55.22175216674805,29133000,XOM,2021,2021Q2
2021-06-10,63.61000061035156,63.97999954223633,62.25,62.75,55.309898376464844,27488700,XOM,2021,2021Q2
2021-06-11,63.0099983215332,63.189998626708984,62.13999938964844,62.16999816894531,54.798675537109375,17631700,XOM,2021,2021Q2
2021-06-14,62.29999923706055,62.779998779296875,61.56999969482422,62.06999969482422,54.71052932739258,16997200,XOM,2021,2021Q2
2021-06-15,62.47999954223633,64.4000015258789,62.349998474121094,64.33000183105469,56.70256042480469,30717100,XOM,2021,2021Q2
2021-06-16,64.31999969482422,64.80000305175781,63.560001373291016,64.0999984741211,56.499839782714844,24803200,XOM,2021,2021Q2
2021-06-17,63.86000061035156,64.45999908447266,61.27000045776367,61.9900016784668,54.6400146484375,28491800,XOM,2021,2021Q2
2021-06-18,61.0,61.54999923706055,60.2400016784668,60.400001525878906,53.23853302001953,39590700,XOM,2021,2021Q2
2021-06-21,60.93000030517578,62.70000076293945,60.900001525878906,62.59000015258789,55.16887283325195,33145400,XOM,2021,2021Q2
2021-06-22,62.849998474121094,64.01000213623047,62.22999954223633,63.790000915527344,56.22659683227539,25140400,XOM,2021,2021Q2
2021-06-23,64.05000305175781,64.69999694824219,63.58000183105469,64.26000213623047,56.640865325927734,20701600,XOM,2021,2021Q2
2021-06-24,64.1500015258789,64.55999755859375,63.810001373291016,64.5199966430664,56.87004089355469,19568400,XOM,2021,2021Q2
2021-06-25,64.61000061035156,64.93000030517578,64.36000061035156,64.66000366210938,56.99344253540039,18438300,XOM,2021,2021Q2
2021-06-28,64.55999755859375,64.55999755859375,62.75,63.0099983215332,55.5390625,20570000,XOM,2021,2021Q2
2021-06-29,63.209999084472656,63.77000045776367,62.59000015258789,62.619998931884766,55.19530487060547,19579300,XOM,2021,2021Q2
2021-06-30,62.70000076293945,63.22999954223633,62.45000076293945,63.08000183105469,55.600772857666016,17875500,XOM,2021,2021Q2
2021-07-01,64.33000183105469,64.41999816894531,62.77000045776367,63.2599983215332,55.759429931640625,22530300,XOM,2021,2021Q3
2021-07-02,63.0099983215332,63.31999969482422,62.41999816894531,63.16999816894531,55.68009567260742,14555300,XOM,2021,2021Q3
2021-07-06,62.75,62.7599983215332,60.900001525878906,61.369998931884766,54.0935173034668,22110800,XOM,2021,2021Q3
2021-07-07,61.18000030517578,61.810001373291016,59.619998931884766,60.40999984741211,53.24734878540039,21671400,XOM,2021,2021Q3
2021-07-08,59.45000076293945,60.709999084472656,59.310001373291016,60.13999938964844,53.009361267089844,18935900,XOM,2021,2021Q3
2021-07-09,60.70000076293945,61.45000076293945,60.2400016784668,61.22999954223633,53.97011947631836,20086000,XOM,2021,2021Q3
2021-07-12,60.41999816894531,61.5,60.15999984741211,61.16999816894531,53.917236328125,21809400,XOM,2021,2021Q3
2021-07-13,61.0,61.5099983215332,60.5099983215332,60.880001068115234,53.661617279052734,17147300,XOM,2021,2021Q3
2021-07-14,61.16999816894531,61.72999954223633,59.36000061035156,59.529998779296875,52.4716911315918,21573600,XOM,2021,2021Q3
2021-07-15,59.16999816894531,59.70000076293945,58.77000045776367,58.95000076293945,51.960453033447266,15851100,XOM,2021,2021Q3
2021-07-16,59.18000030517578,59.2599983215332,57.150001525878906,57.31999969482422,50.523712158203125,27049500,XOM,2021,2021Q3
2021-07-19,55.63999938964844,56.20000076293945,54.599998474121094,55.349998474121094,48.78730010986328,37969100,XOM,2021,2021Q3
2021-07-20,55.5,56.599998474121094,55.029998779296875,55.959999084472656,49.32497787475586,26756100,XOM,2021,2021Q3
2021-07-21,56.86000061035156,58.29999923706055,56.83000183105469,57.7599983215332,50.91154861450195,20908700,XOM,2021,2021Q3
2021-07-22,57.72999954223633,57.7400016784668,56.65999984741211,57.11000061035156,50.33861541748047,13493800,XOM,2021,2021Q3
2021-07-23,57.290000915527344,57.290000915527344,56.470001220703125,57.040000915527344,50.276920318603516,14088200,XOM,2021,2021Q3
2021-07-26,57.15999984741211,58.650001525878906,57.0,58.47999954223633,51.54618453979492,18387600,XOM,2021,2021Q3
2021-07-27,58.0099983215332,58.0099983215332,57.209999084472656,57.83000183105469,50.9732551574707,16861400,XOM,2021,2021Q3
2021-07-28,58.0,58.630001068115234,57.619998931884766,58.220001220703125,51.317012786865234,16855300,XOM,2021,2021Q3
2021-07-29,59.0,59.33000183105469,58.560001373291016,58.93000030517578,51.94282531738281,18607800,XOM,2021,2021Q3
2021-07-30,58.880001068115234,58.880001068115234,57.31999969482422,57.56999969482422,50.744083404541016,28652800,XOM,2021,2021Q3
2021-08-02,57.54999923706055,59.060001373291016,57.400001525878906,57.58000183105469,50.75290298461914,20873800,XOM,2021,2021Q3
2021-08-03,57.56999969482422,58.40999984741211,56.93000030517578,58.20000076293945,51.299381256103516,18208200,XOM,2021,2021Q3
2021-08-04,57.189998626708984,57.880001068115234,56.810001373291016,56.84000015258789,50.10062789916992,20868300,XOM,2021,2021Q3
2021-08-05,57.130001068115234,57.70000076293945,56.83000183105469,57.20000076293945,50.41794967651367,15180200,XOM,2021,2021Q3
2021-08-06,57.65999984741211,58.06999969482422,57.529998779296875,57.86000061035156,50.999691009521484,14888500,XOM,2021,2021Q3
2021-08-09,57.130001068115234,57.52000045776367,56.83000183105469,57.20000076293945,50.41794967651367,17828200,XOM,2021,2021Q3
2021-08-10,57.41999816894531,58.36000061035156,57.29999923706055,58.18000030517578,51.28175354003906,16340200,XOM,2021,2021Q3
2021-08-11,58.189998626708984,58.5,57.720001220703125,58.349998474121094,51.43159103393555,18278600,XOM,2021,2021Q3
2021-08-12,57.400001525878906,57.790000915527344,56.869998931884766,57.349998474121094,51.31528091430664,19225500,XOM,2021,2021Q3
2021-08-13,57.029998779296875,57.06999969482422,56.29999923706055,56.77000045776367,50.79630661010742,20063000,XOM,2021,2021Q3
2021-08-16,56.02000045776367,56.09000015258789,55.27000045776367,55.939998626708984,50.053646087646484,16959500,XOM,2021,2021Q3
2021-08-17,55.5,56.29999923706055,55.0,55.560001373291016,49.713626861572266,16243700,XOM,2021,2021Q3
2021-08-18,55.41999816894531,55.810001373291016,54.310001373291016,54.38999938964844,48.666748046875,21890500,XOM,2021,2021Q3
2021-08-19,53.470001220703125,53.709999084472656,52.099998474121094,52.72999954223633,47.18141555786133,30923500,XOM,2021,2021Q3
2021-08-20,52.27000045776367,53.13999938964844,52.11000061035156,52.7400016784668,47.19036865234375,16918300,XOM,2021,2021Q3
2021-08-23,53.95000076293945,55.060001373291016,53.95000076293945,54.90999984741211,49.13203430175781,21632600,XOM,2021,2021Q3
2021-08-24,55.290000915527344,55.849998474121094,55.0099983215332,55.36000061035156,49.534671783447266,17915600,XOM,2021,2021Q3
2021-08-25,55.2400016784668,55.77000045776367,54.869998931884766,55.459999084472656,49.6241569519043,13270300,XOM,2021,2021Q3
2021-08-26,55.20000076293945,55.540000915527344,54.630001068115234,54.709999084472656,48.95307922363281,11842600,XOM,2021,2021Q3
2021-08-27,55.400001525878906,56.209999084472656,55.400001525878906,55.77000045776367,49.90153884887695,15822500,XOM,2021,2021Q3
2021-08-30,56.2400016784668,56.34000015258789,55.119998931884766,55.15999984741211,49.355716705322266,14086100,XOM,2021,2021Q3
2021-08-31,54.93000030517578,55.310001373291016,54.459999084472656,54.52000045776367,48.7830696105957,27104100,XOM,2021,2021Q3
2021-09-01,54.4900016784668,54.7599983215332,53.599998474121094,53.77000045776367,48.11198806762695,21644100,XOM,2021,2021Q3
2021-09-02,54.290000915527344,55.63999938964844,54.27000045776367,55.08000183105469,49.28413772583008,23293300,XOM,2021,2021Q3
2021-09-03,55.119998931884766,55.31999969482422,54.599998474121094,54.869998931884766,49.09623336791992,13840000,XOM,2021,2021Q3
2021-09-07,54.66999816894531,55.27000045776367,54.470001220703125,54.54999923706055,48.80990982055664,14354400,XOM,2021,2021Q3
2021-09-08,54.790000915527344,55.18000030517578,54.0099983215332,54.04999923706055,48.36252212524414,18756700,XOM,2021,2021Q3
2021-09-09,53.619998931884766,55.0,53.29999923706055,54.09000015258789,48.3983154296875,19110800,XOM,2021,2021Q3
2021-09-10,55.189998626708984,55.22999954223633,53.95000076293945,53.97999954223633,48.299888610839844,15123700,XOM,2021,2021Q3
2021-09-13,54.650001525878906,55.93000030517578,54.619998931884766,55.369998931884766,49.54362106323242,22052300,XOM,2021,2021Q3
2021-09-14,55.689998626708984,55.77000045776367,54.40999984741211,54.58000183105469,48.836753845214844,19940300,XOM,2021,2021Q3
2021-09-15,55.369998931884766,56.529998779296875,55.310001373291016,56.41999816894531,50.48313522338867,23240900,XOM,2021,2021Q3
2021-09-16,56.459999084472656,56.459999084472656,55.5,55.81999969482422,49.94627380371094,17907200,XOM,2021,2021Q3
2021-09-17,55.34000015258789,56.75,55.099998474121094,55.15999984741211,49.355716705322266,30000400,XOM,2021,2021Q3
2021-09-20,53.779998779296875,54.16999816894531,52.959999084472656,53.689998626708984,48.040401458740234,27555100,XOM,2021,2021Q3
2021-09-21,54.369998931884766,54.5099983215332,53.25,53.63999938964844,47.99566650390625,19696800,XOM,2021,2021Q3
2021-09-22,54.43000030517578,55.90999984741211,54.369998931884766,55.209999084472656,49.40046310424805,25690600,XOM,2021,2021Q3
2021-09-23,55.41999816894531,57.2400016784668,55.279998779296875,57.08000183105469,51.07368850708008,23069400,XOM,2021,2021Q3
2021-09-24,56.70000076293945,57.81999969482422,56.68000030517578,57.59000015258789,51.530025482177734,22328600,XOM,2021,2021Q3
2021-09-27,58.849998474121094,59.79999923706055,58.81999969482422,59.29999923706055,53.060081481933594,32972200,XOM,2021,2021Q3
2021-09-28,59.900001525878906,60.47999954223633,59.5099983215332,59.91999816894531,53.61484146118164,37619300,XOM,2021,2021Q3
2021-09-29,59.84000015258789,60.189998626708984,59.04999923706055,59.880001068115234,53.57905578613281,23422800,XOM,2021,2021Q3
2021-09-30,60.119998931884766,60.16999816894531,58.810001373291016,58.81999969482422,52.630592346191406,31289600,XOM,2021,2021Q3
2021-10-01,59.40999984741211,60.9900016784668,59.40999984741211,60.93000030517578,54.5185661315918,24407300,XOM,2021,2021Q4
2021-10-04,61.31999969482422,62.06999969482422,60.95000076293945,61.720001220703125,55.22543716430664,33946700,XOM,2021,2021Q4
2021-10-05,62.52000045776367,62.70000076293945,61.02000045776367,61.619998931884766,55.13596725463867,29641600,XOM,2021,2021Q4
2021-10-06,60.470001220703125,61.119998931884766,59.75,60.4900016784668,54.1248664855957,25284900,XOM,2021,2021Q4
2021-10-07,60.61000061035156,61.08000183105469,60.13999938964844,60.65999984741211,54.2769775390625,19513600,XOM,2021,2021Q4
2021-10-08,61.25,62.41999816894531,61.25,62.18000030517578,55.63703536987305,22186900,XOM,2021,2021Q4
2021-10-11,63.029998779296875,63.060001373291016,61.5,61.560001373291016,55.082271575927734,22121500,XOM,2021,2021Q4
2021-10-12,61.56999969482422,61.97999954223633,60.849998474121094,61.2400016784668,54.79594421386719,20198600,XOM,2021,2021Q4
2021-10-13,60.779998779296875,61.38999938964844,60.209999084472656,61.06999969482422,54.64384078979492,14991700,XOM,2021,2021Q4
2021-10-14,61.709999084472656,62.220001220703125,61.16999816894531,62.0,55.47597885131836,18594500,XOM,2021,2021Q4
2021-10-15,62.72999954223633,63.06999969482422,62.439998626708984,62.59000015258789,56.00389099121094,16092600,XOM,2021,2021Q4
2021-10-18,63.09000015258789,63.13999938964844,62.27000045776367,62.560001373291016,55.977054595947266,18282800,XOM,2021,2021Q4
2021-10-19,62.869998931884766,63.61000061035156,62.66999816894531,63.5,56.81813430786133,18933200,XOM,2021,2021Q4
2021-10-20,62.88999938964844,63.869998931884766,62.720001220703125,63.849998474121094,57.13130569458008,14305200,XOM,2021,2021Q4
2021-10-21,63.470001220703125,63.63999938964844,62.349998474121094,62.689998626708984,56.0933723449707,16564600,XOM,2021,2021Q4
2021-10-22,62.77000045776367,63.220001220703125,62.349998474121094,63.119998931884766,56.478118896484375,14266800,XOM,2021,2021Q4
2021-10-25,63.720001220703125,64.41999816894531,63.58000183105469,64.3499984741211,57.57868576049805,17939800,XOM,2021,2021Q4
2021-10-26,64.48999786376953,65.94000244140625,64.36000061035156,65.83999633789062,58.911903381347656,25585100,XOM,2021,2021Q4
2021-10-27,65.16000366210938,65.25,63.97999954223633,64.12999725341797,57.38184356689453,21764500,XOM,2021,2021Q4
2021-10-28,63.81999969482422,64.47000122070312,63.630001068115234,64.30999755859375,57.54289627075195,16626400,XOM,2021,2021Q4
2021-10-29,65.05000305175781,65.36000061035156,64.33000183105469,64.47000122070312,57.686073303222656,23966300,XOM,2021,2021Q4
2021-11-01,65.06999969482422,66.08000183105469,65.0199966430664,65.62999725341797,58.724002838134766,19656400,XOM,2021,2021Q4
2021-11-02,65.02999877929688,65.44999694824219,64.66000366210938,64.81999969482422,57.999237060546875,16300000,XOM,2021,2021Q4
2021-11-03,64.04000091552734,64.44999694824219,63.65999984741211,63.93000030517578,57.20289611816406,17372800,XOM,2021,2021Q4
2021-11-04,64.68000030517578,64.88999938964844,63.83000183105469,64.41000366210938,57.63238525390625,17720100,XOM,2021,2021Q4
2021-11-05,65.05000305175781,65.33000183105469,64.55999755859375,65.0199966430664,58.17818832397461,18565100,XOM,2021,2021Q4
2021-11-08,65.55000305175781,66.37999725341797,65.37999725341797,65.72000122070312,58.804534912109375,17696000,XOM,2021,2021Q4
2021-11-09,65.7699966430664,66.37000274658203,65.30999755859375,66.36000061035156,59.3771858215332,18781300,XOM,2021,2021Q4
2021-11-10,65.31999969482422,65.6500015258789,63.77000045776367,64.19000244140625,58.20742416381836,20177200,XOM,2021,2021Q4
2021-11-11,64.19000244140625,64.83000183105469,64.0199966430664,64.30999755859375,58.31623077392578,13319300,XOM,2021,2021Q4
2021-11-12,63.959999084472656,64.37000274658203,63.58000183105469,63.81999969482422,57.87189865112305,18158900,XOM,2021,2021Q4
2021-11-15,63.7599983215332,64.7699966430664,63.220001220703125,64.37000274658203,58.370643615722656,18849200,XOM,2021,2021Q4
2021-11-16,64.33999633789062,65.37000274658203,64.33999633789062,65.0199966430664,58.960052490234375,17028700,XOM,2021,2021Q4
2021-11-17,64.37999725341797,65.23999786376953,64.18000030517578,64.30999755859375,58.31623077392578,15497000,XOM,2021,2021Q4
2021-11-18,64.16000366210938,64.52999877929688,63.11000061035156,63.61000061035156,57.68148422241211,16948200,XOM,2021,2021Q4
2021-11-19,61.88999938964844,62.029998779296875,60.40999984741211,60.66999816894531,55.01548767089844,32035500,XOM,2021,2021Q4
2021-11-22,60.31999969482422,62.540000915527344,60.31999969482422,61.5099983215332,55.77719497680664,21994400,XOM,2021,2021Q4
2021-11-23,62.189998626708984,63.380001068115234,61.91999816894531,63.130001068115234,57.246212005615234,21185900,XOM,2021,2021Q4
2021-11-24,62.58000183105469,63.849998474121094,62.58000183105469,63.47999954223633,57.5635986328125,15869700,XOM,2021,2021Q4
2021-11-26,60.52000045776367,61.41999816894531,59.540000915527344,61.25,55.54142761230469,24979600,XOM,2021,2021Q4
2021-11-29,62.56999969482422,63.13999938964844,61.290000915527344,61.59000015258789,55.84974670410156,18946400,XOM,2021,2021Q4
2021-11-30,60.459999084472656,61.189998626708984,59.65999984741211,59.84000015258789,54.26284408569336,34979800,XOM,2021,2021Q4
2021-12-01,60.900001525878906,62.029998779296875,59.75,59.790000915527344,54.21750259399414,30630600,XOM,2021,2021Q4
2021-12-02,59.7400016784668,61.58000183105469,59.13999938964844,61.279998779296875,55.568634033203125,29216000,XOM,2021,2021Q4
2021-12-03,61.91999816894531,62.22999954223633,60.349998474121094,60.88999938964844,55.2149772644043,22014700,XOM,2021,2021Q4
2021-12-06,61.720001220703125,62.15999984741211,61.41999816894531,61.58000183105469,55.84067916870117,19210500,XOM,2021,2021Q4
2021-12-07,62.34000015258789,63.029998779296875,62.099998474121094,62.27000045776367,56.46636199951172,19800400,XOM,2021,2021Q4
2021-12-08,62.61000061035156,63.189998626708984,62.34000015258789,62.45000076293945,56.62958908081055,18214400,XOM,2021,2021Q4
2021-12-09,62.04999923706055,62.77000045776367,61.810001373291016,62.61000061035156,56.77467346191406,16910300,XOM,2021,2021Q4
2021-12-10,63.27000045776367,63.349998474121094,62.22999954223633,63.0099983215332,57.13739776611328,17942400,XOM,2021,2021Q4
2021-12-13,62.470001220703125,62.720001220703125,61.349998474121094,61.630001068115234,55.886016845703125,17793700,XOM,2021,2021Q4
2021-12-14,61.2599983215332,62.470001220703125,61.220001220703125,61.540000915527344,55.804405212402344,22551100,XOM,2021,2021Q4
2021-12-15,61.189998626708984,61.5,60.0099983215332,61.27000045776367,55.5595703125,19961900,XOM,2021,2021Q4
2021-12-16,61.439998626708984,62.45000076293945,61.29999923706055,61.369998931884766,55.650245666503906,21187800,XOM,2021,2021Q4
2021-12-17,60.95000076293945,61.279998779296875,59.689998626708984,60.029998779296875,54.43513870239258,44338100,XOM,2021,2021Q4
2021-12-20,58.790000915527344,59.25,57.959999084472656,59.15999984741211,53.64622116088867,21819300,XOM,2021,2021Q4
2021-12-21,59.75,60.68000030517578,59.720001220703125,60.5,54.861331939697266,19798900,XOM,2021,2021Q4
2021-12-22,60.34000015258789,61.369998931884766,59.970001220703125,60.9900016784668,55.3056640625,14058300,XOM,2021,2021Q4
2021-12-23,61.16999816894531,61.84000015258789,61.0,61.02000045776367,55.33287048339844,13543300,XOM,2021,2021Q4
2021-12-27,60.93000030517578,61.95000076293945,60.41999816894531,61.88999938964844,56.12178039550781,12593700,XOM,2021,2021Q4
2021-12-28,61.90999984741211,62.310001373291016,61.400001525878906,61.689998626708984,55.94041442871094,12781000,XOM,2021,2021Q4
2021-12-29,61.47999954223633,61.599998474121094,60.91999816894531,61.150001525878906,55.45075988769531,12733600,XOM,2021,2021Q4
2021-12-30,61.220001220703125,61.599998474121094,60.77000045776367,60.790000915527344,55.12430953979492,11940300,XOM,2021,2021Q4
2021-12-31,60.7400016784668,61.470001220703125,60.70000076293945,61.189998626708984,55.48701858520508,14072000,XOM,2021,2021Q4
